CHR,START,STOP
1,0,2000000
1,500000,2500000
1,1000000,3000000
1,1500000,3500000
1,2000000,4000000
1,2500000,4500000
1,3000000,5000000
1,3500000,5500000
1,4000000,6000000
1,4500000,6500000
1,5000000,7000000
1,5500000,7500000
1,6000000,8000000
1,6500000,8500000
1,7000000,9000000
1,7500000,9500000
1,8000000,10000000
1,8500000,10500000
1,9000000,11000000
1,9500000,11500000
1,10000000,12000000
1,10500000,12500000
1,11000000,13000000
1,11500000,13500000
1,12000000,14000000
1,12500000,14500000
1,13000000,15000000
1,13500000,15500000
1,14000000,16000000
1,14500000,16500000
1,15000000,17000000
1,15500000,17500000
1,16000000,18000000
1,16500000,18500000
1,17000000,19000000
1,17500000,19500000
1,18000000,20000000
1,18500000,20500000
1,19000000,21000000
1,19500000,21500000
1,20000000,22000000
1,20500000,22500000
1,21000000,23000000
1,21500000,23500000
1,22000000,24000000
1,22500000,24500000
1,23000000,25000000
1,23500000,25500000
1,24000000,26000000
1,24500000,26500000
1,25000000,27000000
1,25500000,27500000
1,26000000,28000000
1,26500000,28500000
1,27000000,29000000
1,27500000,29500000
1,28000000,30000000
1,28500000,30500000
1,29000000,31000000
1,29500000,31500000
1,30000000,32000000
1,30500000,32500000
1,31000000,33000000
1,31500000,33500000
1,32000000,34000000
1,32500000,34500000
1,33000000,35000000
1,33500000,35500000
1,34000000,36000000
1,34500000,36500000
1,35000000,37000000
1,35500000,37500000
1,36000000,38000000
1,36500000,38500000
1,37000000,39000000
1,37500000,39500000
1,38000000,40000000
1,38500000,40500000
1,39000000,41000000
1,39500000,41500000
1,40000000,42000000
1,40500000,42500000
1,41000000,43000000
1,41500000,43500000
1,42000000,44000000
1,42500000,44500000
1,43000000,45000000
1,43500000,45500000
1,44000000,46000000
1,44500000,46500000
1,45000000,47000000
1,45500000,47500000
1,46000000,48000000
1,46500000,48500000
1,47000000,49000000
1,47500000,49500000
1,48000000,50000000
1,48500000,50500000
1,49000000,51000000
1,49500000,51500000
1,50000000,52000000
1,50500000,52500000
1,51500000,53500000
1,52000000,54000000
1,52500000,54500000
1,53000000,55000000
1,53500000,55500000
1,54000000,56000000
1,54500000,56500000
1,55000000,57000000
1,55500000,57500000
1,56000000,58000000
1,56500000,58500000
1,57000000,59000000
1,57500000,59500000
1,58000000,60000000
1,58500000,60500000
1,59000000,61000000
1,59500000,61500000
1,60000000,62000000
1,60500000,62500000
1,61000000,63000000
1,61500000,63500000
1,62000000,64000000
1,62500000,64500000
1,63000000,65000000
1,63500000,65500000
1,64000000,66000000
1,64500000,66500000
1,65000000,67000000
1,65500000,67500000
1,66000000,68000000
1,66500000,68500000
1,67000000,69000000
1,67500000,69500000
1,68000000,70000000
1,68500000,70500000
1,69000000,71000000
1,69500000,71500000
1,70000000,72000000
1,70500000,72500000
1,71000000,73000000
1,71500000,73500000
1,72000000,74000000
1,72500000,74500000
1,73000000,75000000
1,73500000,75500000
1,74000000,76000000
1,74500000,76500000
1,75000000,77000000
1,75500000,77500000
1,76000000,78000000
1,76500000,78500000
1,77000000,79000000
1,77500000,79500000
1,78000000,80000000
1,78500000,80500000
1,79000000,81000000
1,79500000,81500000
1,80000000,82000000
1,80500000,82500000
1,81000000,83000000
1,81500000,83500000
1,82000000,84000000
1,82500000,84500000
1,83000000,85000000
1,83500000,85500000
1,84000000,86000000
1,84500000,86500000
1,85000000,87000000
1,85500000,87500000
1,86000000,88000000
1,86500000,88500000
1,87000000,89000000
1,87500000,89500000
1,88000000,90000000
1,88500000,90500000
1,89000000,91000000
1,89500000,91500000
1,90000000,92000000
1,90500000,92500000
1,91000000,93000000
1,91500000,93500000
1,92000000,94000000
1,92500000,94500000
1,93000000,95000000
1,93500000,95500000
1,94000000,96000000
1,94500000,96500000
1,95000000,97000000
1,95500000,97500000
1,96000000,98000000
1,96500000,98500000
1,97000000,99000000
1,97500000,99500000
1,98000000,100000000
1,98500000,100500000
1,99000000,101000000
1,99500000,101500000
1,100000000,102000000
1,100500000,102500000
1,101000000,103000000
1,101500000,103500000
1,102000000,104000000
1,102500000,104500000
1,103000000,105000000
1,103500000,105500000
1,104000000,106000000
1,104500000,106500000
1,105000000,107000000
1,105500000,107500000
1,106000000,108000000
1,106500000,108500000
1,107000000,109000000
1,107500000,109500000
1,108000000,110000000
1,108500000,110500000
1,109000000,111000000
1,109500000,111500000
1,110000000,112000000
1,110500000,112500000
1,111000000,113000000
1,111500000,113500000
1,112000000,114000000
1,112500000,114500000
1,113000000,115000000
1,113500000,115500000
1,114000000,116000000
1,114500000,116500000
1,115000000,117000000
1,115500000,117500000
1,116000000,118000000
1,116500000,118500000
1,117000000,119000000
1,117500000,119500000
1,118000000,120000000
1,118500000,120500000
1,119000000,121000000
1,119500000,121500000
1,120000000,122000000
1,120500000,122500000
1,121000000,123000000
1,121500000,123500000
1,125000000,127000000
1,141500000,143500000
1,142000000,144000000
1,142500000,144500000
1,143000000,145000000
1,143500000,145500000
1,144000000,146000000
1,144500000,146500000
1,145000000,147000000
1,145500000,147500000
1,146000000,148000000
1,146500000,148500000
1,147000000,149000000
1,147500000,149500000
1,148000000,150000000
1,148500000,150500000
1,149000000,151000000
1,149500000,151500000
1,150000000,152000000
1,150500000,152500000
1,151000000,153000000
1,151500000,153500000
1,152000000,154000000
1,152500000,154500000
1,153000000,155000000
1,153500000,155500000
1,154000000,156000000
1,154500000,156500000
1,155000000,157000000
1,155500000,157500000
1,156000000,158000000
1,156500000,158500000
1,157000000,159000000
1,157500000,159500000
1,158000000,160000000
1,158500000,160500000
1,159000000,161000000
1,159500000,161500000
1,160000000,162000000
1,160500000,162500000
1,161000000,163000000
1,161500000,163500000
1,162000000,164000000
1,162500000,164500000
1,163000000,165000000
1,163500000,165500000
1,164000000,166000000
1,164500000,166500000
1,165000000,167000000
1,165500000,167500000
1,166000000,168000000
1,166500000,168500000
1,167000000,169000000
1,167500000,169500000
1,168000000,170000000
1,168500000,170500000
1,169000000,171000000
1,169500000,171500000
1,170000000,172000000
1,170500000,172500000
1,171000000,173000000
1,171500000,173500000
1,172000000,174000000
1,172500000,174500000
1,173000000,175000000
1,173500000,175500000
1,174000000,176000000
1,174500000,176500000
1,175000000,177000000
1,175500000,177500000
1,176000000,178000000
1,176500000,178500000
1,177000000,179000000
1,177500000,179500000
1,178000000,180000000
1,178500000,180500000
1,179000000,181000000
1,179500000,181500000
1,180000000,182000000
1,180500000,182500000
1,181000000,183000000
1,181500000,183500000
1,182000000,184000000
1,182500000,184500000
1,183000000,185000000
1,183500000,185500000
1,184000000,186000000
1,184500000,186500000
1,185000000,187000000
1,185500000,187500000
1,186000000,188000000
1,186500000,188500000
1,187000000,189000000
1,187500000,189500000
1,188000000,190000000
1,188500000,190500000
1,189000000,191000000
1,189500000,191500000
1,190000000,192000000
1,190500000,192500000
1,191000000,193000000
1,191500000,193500000
1,192000000,194000000
1,192500000,194500000
1,193000000,195000000
1,193500000,195500000
1,194000000,196000000
1,194500000,196500000
1,195000000,197000000
1,195500000,197500000
1,196000000,198000000
1,196500000,198500000
1,197000000,199000000
1,197500000,199500000
1,198000000,200000000
1,198500000,200500000
1,199000000,201000000
1,199500000,201500000
1,200000000,202000000
1,200500000,202500000
1,201000000,203000000
1,201500000,203500000
1,202000000,204000000
1,202500000,204500000
1,203000000,205000000
1,203500000,205500000
1,204000000,206000000
1,204500000,206500000
1,205000000,207000000
1,205500000,207500000
1,206000000,208000000
1,206500000,208500000
1,207000000,209000000
1,207500000,209500000
1,208000000,210000000
1,208500000,210500000
1,209000000,211000000
1,209500000,211500000
1,210000000,212000000
1,210500000,212500000
1,211000000,213000000
1,211500000,213500000
1,212000000,214000000
1,212500000,214500000
1,213000000,215000000
1,213500000,215500000
1,214000000,216000000
1,214500000,216500000
1,215000000,217000000
1,215500000,217500000
1,216000000,218000000
1,216500000,218500000
1,217000000,219000000
1,217500000,219500000
1,218000000,220000000
1,218500000,220500000
1,219000000,221000000
1,219500000,221500000
1,220000000,222000000
1,220500000,222500000
1,221000000,223000000
1,221500000,223500000
1,222000000,224000000
1,222500000,224500000
1,223000000,225000000
1,223500000,225500000
1,224000000,226000000
1,224500000,226500000
1,225000000,227000000
1,225500000,227500000
1,226000000,228000000
1,226500000,228500000
1,227000000,229000000
1,227500000,229500000
1,228000000,230000000
1,228500000,230500000
1,229000000,231000000
1,229500000,231500000
1,230000000,232000000
1,230500000,232500000
1,231000000,233000000
1,231500000,233500000
1,232000000,234000000
1,232500000,234500000
1,233000000,235000000
1,233500000,235500000
1,234000000,236000000
1,234500000,236500000
1,235000000,237000000
1,235500000,237500000
1,236000000,238000000
1,236500000,238500000
1,237000000,239000000
1,237500000,239500000
1,238000000,240000000
1,238500000,240500000
1,239000000,241000000
1,239500000,241500000
1,240000000,242000000
1,240500000,242500000
1,241000000,243000000
1,241500000,243500000
1,242000000,244000000
1,242500000,244500000
1,243000000,245000000
1,243500000,245500000
1,244000000,246000000
1,244500000,246500000
1,245000000,247000000
1,245500000,247500000
1,246000000,248000000
1,246500000,248500000
2,0,2000000
2,500000,2500000
2,1000000,3000000
2,1500000,3500000
2,2000000,4000000
2,2500000,4500000
2,3000000,5000000
2,3500000,5500000
2,4000000,6000000
2,4500000,6500000
2,5000000,7000000
2,5500000,7500000
2,6000000,8000000
2,6500000,8500000
2,7000000,9000000
2,7500000,9500000
2,8000000,10000000
2,8500000,10500000
2,9000000,11000000
2,9500000,11500000
2,10000000,12000000
2,10500000,12500000
2,11000000,13000000
2,11500000,13500000
2,12000000,14000000
2,12500000,14500000
2,13000000,15000000
2,13500000,15500000
2,14000000,16000000
2,14500000,16500000
2,15000000,17000000
2,15500000,17500000
2,16000000,18000000
2,16500000,18500000
2,17000000,19000000
2,17500000,19500000
2,18000000,20000000
2,18500000,20500000
2,19000000,21000000
2,19500000,21500000
2,20000000,22000000
2,20500000,22500000
2,21000000,23000000
2,21500000,23500000
2,22000000,24000000
2,22500000,24500000
2,23000000,25000000
2,23500000,25500000
2,24000000,26000000
2,24500000,26500000
2,25000000,27000000
2,25500000,27500000
2,26000000,28000000
2,26500000,28500000
2,27000000,29000000
2,27500000,29500000
2,28000000,30000000
2,28500000,30500000
2,29000000,31000000
2,29500000,31500000
2,30000000,32000000
2,30500000,32500000
2,31000000,33000000
2,31500000,33500000
2,32000000,34000000
2,32500000,34500000
2,33000000,35000000
2,33500000,35500000
2,34000000,36000000
2,34500000,36500000
2,35000000,37000000
2,35500000,37500000
2,36000000,38000000
2,36500000,38500000
2,37000000,39000000
2,37500000,39500000
2,38000000,40000000
2,38500000,40500000
2,39000000,41000000
2,39500000,41500000
2,40000000,42000000
2,40500000,42500000
2,41000000,43000000
2,41500000,43500000
2,42000000,44000000
2,42500000,44500000
2,43000000,45000000
2,43500000,45500000
2,44000000,46000000
2,44500000,46500000
2,45000000,47000000
2,45500000,47500000
2,46000000,48000000
2,46500000,48500000
2,47000000,49000000
2,47500000,49500000
2,48000000,50000000
2,48500000,50500000
2,49000000,51000000
2,49500000,51500000
2,50000000,52000000
2,50500000,52500000
2,51000000,53000000
2,51500000,53500000
2,52000000,54000000
2,52500000,54500000
2,53000000,55000000
2,53500000,55500000
2,54000000,56000000
2,54500000,56500000
2,55000000,57000000
2,55500000,57500000
2,56000000,58000000
2,56500000,58500000
2,57000000,59000000
2,57500000,59500000
2,58000000,60000000
2,58500000,60500000
2,59000000,61000000
2,59500000,61500000
2,60000000,62000000
2,60500000,62500000
2,61000000,63000000
2,61500000,63500000
2,62000000,64000000
2,62500000,64500000
2,63000000,65000000
2,63500000,65500000
2,64000000,66000000
2,64500000,66500000
2,65000000,67000000
2,65500000,67500000
2,66000000,68000000
2,66500000,68500000
2,67000000,69000000
2,67500000,69500000
2,68000000,70000000
2,68500000,70500000
2,69000000,71000000
2,69500000,71500000
2,70000000,72000000
2,70500000,72500000
2,71000000,73000000
2,71500000,73500000
2,72000000,74000000
2,72500000,74500000
2,73000000,75000000
2,73500000,75500000
2,74000000,76000000
2,74500000,76500000
2,75000000,77000000
2,75500000,77500000
2,76000000,78000000
2,76500000,78500000
2,77000000,79000000
2,77500000,79500000
2,78000000,80000000
2,78500000,80500000
2,79000000,81000000
2,79500000,81500000
2,80000000,82000000
2,80500000,82500000
2,81000000,83000000
2,81500000,83500000
2,82000000,84000000
2,82500000,84500000
2,83000000,85000000
2,83500000,85500000
2,84000000,86000000
2,84500000,86500000
2,85000000,87000000
2,85500000,87500000
2,86000000,88000000
2,86500000,88500000
2,87000000,89000000
2,87500000,89500000
2,88000000,90000000
2,88500000,90500000
2,89000000,91000000
2,89500000,91500000
2,90000000,92000000
2,90500000,92500000
2,91000000,93000000
2,91500000,93500000
2,92000000,94000000
2,94500000,96500000
2,95000000,97000000
2,95500000,97500000
2,96000000,98000000
2,96500000,98500000
2,97000000,99000000
2,97500000,99500000
2,98000000,100000000
2,98500000,100500000
2,99000000,101000000
2,99500000,101500000
2,100000000,102000000
2,100500000,102500000
2,101000000,103000000
2,101500000,103500000
2,102000000,104000000
2,102500000,104500000
2,103000000,105000000
2,103500000,105500000
2,104000000,106000000
2,104500000,106500000
2,105000000,107000000
2,105500000,107500000
2,106000000,108000000
2,106500000,108500000
2,107000000,109000000
2,107500000,109500000
2,108000000,110000000
2,108500000,110500000
2,109000000,111000000
2,109500000,111500000
2,110000000,112000000
2,110500000,112500000
2,111000000,113000000
2,111500000,113500000
2,112000000,114000000
2,112500000,114500000
2,113000000,115000000
2,113500000,115500000
2,114000000,116000000
2,114500000,116500000
2,115000000,117000000
2,115500000,117500000
2,116000000,118000000
2,116500000,118500000
2,117000000,119000000
2,117500000,119500000
2,118000000,120000000
2,118500000,120500000
2,119000000,121000000
2,119500000,121500000
2,120000000,122000000
2,120500000,122500000
2,121000000,123000000
2,121500000,123500000
2,122000000,124000000
2,122500000,124500000
2,123000000,125000000
2,123500000,125500000
2,124000000,126000000
2,124500000,126500000
2,125000000,127000000
2,125500000,127500000
2,126000000,128000000
2,126500000,128500000
2,127000000,129000000
2,127500000,129500000
2,128000000,130000000
2,128500000,130500000
2,129000000,131000000
2,129500000,131500000
2,130000000,132000000
2,130500000,132500000
2,131000000,133000000
2,131500000,133500000
2,132000000,134000000
2,132500000,134500000
2,133000000,135000000
2,133500000,135500000
2,134000000,136000000
2,134500000,136500000
2,135000000,137000000
2,135500000,137500000
2,136000000,138000000
2,136500000,138500000
2,137000000,139000000
2,137500000,139500000
2,138000000,140000000
2,138500000,140500000
2,139000000,141000000
2,139500000,141500000
2,140000000,142000000
2,140500000,142500000
2,141000000,143000000
2,141500000,143500000
2,142000000,144000000
2,142500000,144500000
2,143000000,145000000
2,143500000,145500000
2,144000000,146000000
2,144500000,146500000
2,145000000,147000000
2,145500000,147500000
2,146000000,148000000
2,146500000,148500000
2,147000000,149000000
2,147500000,149500000
2,148000000,150000000
2,148500000,150500000
2,149000000,151000000
2,149500000,151500000
2,150000000,152000000
2,150500000,152500000
2,151000000,153000000
2,151500000,153500000
2,152000000,154000000
2,152500000,154500000
2,153000000,155000000
2,153500000,155500000
2,154000000,156000000
2,154500000,156500000
2,155000000,157000000
2,155500000,157500000
2,156000000,158000000
2,156500000,158500000
2,157000000,159000000
2,157500000,159500000
2,158000000,160000000
2,158500000,160500000
2,159000000,161000000
2,159500000,161500000
2,160000000,162000000
2,160500000,162500000
2,161000000,163000000
2,161500000,163500000
2,162000000,164000000
2,162500000,164500000
2,163000000,165000000
2,163500000,165500000
2,164000000,166000000
2,164500000,166500000
2,165000000,167000000
2,165500000,167500000
2,166000000,168000000
2,166500000,168500000
2,167000000,169000000
2,167500000,169500000
2,168000000,170000000
2,168500000,170500000
2,169000000,171000000
2,169500000,171500000
2,170000000,172000000
2,170500000,172500000
2,171000000,173000000
2,171500000,173500000
2,172000000,174000000
2,172500000,174500000
2,173000000,175000000
2,173500000,175500000
2,174000000,176000000
2,174500000,176500000
2,175000000,177000000
2,175500000,177500000
2,176000000,178000000
2,176500000,178500000
2,177000000,179000000
2,177500000,179500000
2,178000000,180000000
2,178500000,180500000
2,179000000,181000000
2,179500000,181500000
2,180000000,182000000
2,180500000,182500000
2,181000000,183000000
2,181500000,183500000
2,182000000,184000000
2,182500000,184500000
2,183000000,185000000
2,183500000,185500000
2,184000000,186000000
2,184500000,186500000
2,185000000,187000000
2,185500000,187500000
2,186000000,188000000
2,186500000,188500000
2,187000000,189000000
2,187500000,189500000
2,188000000,190000000
2,188500000,190500000
2,189000000,191000000
2,189500000,191500000
2,190000000,192000000
2,190500000,192500000
2,191000000,193000000
2,191500000,193500000
2,192000000,194000000
2,192500000,194500000
2,193000000,195000000
2,193500000,195500000
2,194000000,196000000
2,194500000,196500000
2,195000000,197000000
2,195500000,197500000
2,196000000,198000000
2,196500000,198500000
2,197000000,199000000
2,197500000,199500000
2,198000000,200000000
2,198500000,200500000
2,199000000,201000000
2,199500000,201500000
2,200000000,202000000
2,200500000,202500000
2,201000000,203000000
2,201500000,203500000
2,202000000,204000000
2,202500000,204500000
2,203000000,205000000
2,203500000,205500000
2,204000000,206000000
2,204500000,206500000
2,205000000,207000000
2,205500000,207500000
2,206000000,208000000
2,206500000,208500000
2,207000000,209000000
2,207500000,209500000
2,208000000,210000000
2,208500000,210500000
2,209000000,211000000
2,209500000,211500000
2,210000000,212000000
2,210500000,212500000
2,211000000,213000000
2,211500000,213500000
2,212000000,214000000
2,212500000,214500000
2,213000000,215000000
2,213500000,215500000
2,214000000,216000000
2,214500000,216500000
2,215000000,217000000
2,215500000,217500000
2,216000000,218000000
2,216500000,218500000
2,217000000,219000000
2,217500000,219500000
2,218000000,220000000
2,218500000,220500000
2,219000000,221000000
2,219500000,221500000
2,220000000,222000000
2,220500000,222500000
2,221000000,223000000
2,221500000,223500000
2,222000000,224000000
2,222500000,224500000
2,223000000,225000000
2,223500000,225500000
2,224000000,226000000
2,224500000,226500000
2,225000000,227000000
2,225500000,227500000
2,226000000,228000000
2,226500000,228500000
2,227000000,229000000
2,227500000,229500000
2,228000000,230000000
2,228500000,230500000
2,229000000,231000000
2,229500000,231500000
2,230000000,232000000
2,230500000,232500000
2,231000000,233000000
2,231500000,233500000
2,232000000,234000000
2,232500000,234500000
2,233000000,235000000
2,233500000,235500000
2,234000000,236000000
2,234500000,236500000
2,235000000,237000000
2,235500000,237500000
2,236000000,238000000
2,236500000,238500000
2,237000000,239000000
2,237500000,239500000
2,238000000,240000000
2,238500000,240500000
2,239000000,241000000
2,239500000,241500000
2,240000000,242000000
3,0,2000000
3,500000,2500000
3,1000000,3000000
3,1500000,3500000
3,2000000,4000000
3,2500000,4500000
3,3000000,5000000
3,3500000,5500000
3,4000000,6000000
3,4500000,6500000
3,5000000,7000000
3,5500000,7500000
3,6000000,8000000
3,6500000,8500000
3,7000000,9000000
3,7500000,9500000
3,8000000,10000000
3,8500000,10500000
3,9000000,11000000
3,9500000,11500000
3,10000000,12000000
3,10500000,12500000
3,11000000,13000000
3,11500000,13500000
3,12000000,14000000
3,12500000,14500000
3,13000000,15000000
3,13500000,15500000
3,14000000,16000000
3,14500000,16500000
3,15000000,17000000
3,15500000,17500000
3,16000000,18000000
3,16500000,18500000
3,17000000,19000000
3,17500000,19500000
3,18000000,20000000
3,18500000,20500000
3,19000000,21000000
3,19500000,21500000
3,20000000,22000000
3,20500000,22500000
3,21000000,23000000
3,21500000,23500000
3,22000000,24000000
3,22500000,24500000
3,23000000,25000000
3,23500000,25500000
3,24000000,26000000
3,24500000,26500000
3,25000000,27000000
3,25500000,27500000
3,26000000,28000000
3,26500000,28500000
3,27000000,29000000
3,27500000,29500000
3,28000000,30000000
3,28500000,30500000
3,29000000,31000000
3,29500000,31500000
3,30000000,32000000
3,30500000,32500000
3,31000000,33000000
3,31500000,33500000
3,32000000,34000000
3,32500000,34500000
3,33000000,35000000
3,33500000,35500000
3,34000000,36000000
3,34500000,36500000
3,35000000,37000000
3,35500000,37500000
3,36000000,38000000
3,36500000,38500000
3,37000000,39000000
3,37500000,39500000
3,38000000,40000000
3,38500000,40500000
3,39000000,41000000
3,39500000,41500000
3,40000000,42000000
3,40500000,42500000
3,41000000,43000000
3,41500000,43500000
3,42000000,44000000
3,42500000,44500000
3,43000000,45000000
3,43500000,45500000
3,44000000,46000000
3,44500000,46500000
3,45000000,47000000
3,45500000,47500000
3,46000000,48000000
3,46500000,48500000
3,47000000,49000000
3,47500000,49500000
3,48000000,50000000
3,48500000,50500000
3,49000000,51000000
3,49500000,51500000
3,50000000,52000000
3,50500000,52500000
3,51000000,53000000
3,51500000,53500000
3,52000000,54000000
3,52500000,54500000
3,53000000,55000000
3,53500000,55500000
3,54000000,56000000
3,54500000,56500000
3,55000000,57000000
3,55500000,57500000
3,56000000,58000000
3,56500000,58500000
3,57000000,59000000
3,57500000,59500000
3,58000000,60000000
3,58500000,60500000
3,59000000,61000000
3,59500000,61500000
3,60000000,62000000
3,60500000,62500000
3,61000000,63000000
3,61500000,63500000
3,62000000,64000000
3,62500000,64500000
3,63000000,65000000
3,63500000,65500000
3,64000000,66000000
3,64500000,66500000
3,65000000,67000000
3,65500000,67500000
3,66000000,68000000
3,66500000,68500000
3,67000000,69000000
3,67500000,69500000
3,68000000,70000000
3,68500000,70500000
3,69000000,71000000
3,69500000,71500000
3,70000000,72000000
3,70500000,72500000
3,71000000,73000000
3,71500000,73500000
3,72000000,74000000
3,72500000,74500000
3,73000000,75000000
3,73500000,75500000
3,74000000,76000000
3,74500000,76500000
3,75000000,77000000
3,75500000,77500000
3,76000000,78000000
3,76500000,78500000
3,77000000,79000000
3,77500000,79500000
3,78000000,80000000
3,78500000,80500000
3,79000000,81000000
3,79500000,81500000
3,80000000,82000000
3,80500000,82500000
3,81000000,83000000
3,81500000,83500000
3,82000000,84000000
3,82500000,84500000
3,83000000,85000000
3,83500000,85500000
3,84000000,86000000
3,84500000,86500000
3,85000000,87000000
3,85500000,87500000
3,86000000,88000000
3,86500000,88500000
3,87000000,89000000
3,87500000,89500000
3,88000000,90000000
3,88500000,90500000
3,89000000,91000000
3,89500000,91500000
3,90000000,92000000
3,90500000,92500000
3,94000000,96000000
3,94500000,96500000
3,95000000,97000000
3,95500000,97500000
3,96000000,98000000
3,96500000,98500000
3,97000000,99000000
3,97500000,99500000
3,98000000,100000000
3,98500000,100500000
3,99000000,101000000
3,99500000,101500000
3,100000000,102000000
3,100500000,102500000
3,101000000,103000000
3,101500000,103500000
3,102000000,104000000
3,102500000,104500000
3,103000000,105000000
3,103500000,105500000
3,104000000,106000000
3,104500000,106500000
3,105000000,107000000
3,105500000,107500000
3,106000000,108000000
3,106500000,108500000
3,107000000,109000000
3,107500000,109500000
3,108000000,110000000
3,108500000,110500000
3,109000000,111000000
3,109500000,111500000
3,110000000,112000000
3,110500000,112500000
3,111000000,113000000
3,111500000,113500000
3,112000000,114000000
3,112500000,114500000
3,113000000,115000000
3,113500000,115500000
3,114000000,116000000
3,114500000,116500000
3,115000000,117000000
3,115500000,117500000
3,116000000,118000000
3,116500000,118500000
3,117000000,119000000
3,117500000,119500000
3,118000000,120000000
3,118500000,120500000
3,119000000,121000000
3,119500000,121500000
3,120000000,122000000
3,120500000,122500000
3,121000000,123000000
3,121500000,123500000
3,122000000,124000000
3,122500000,124500000
3,123000000,125000000
3,123500000,125500000
3,124000000,126000000
3,124500000,126500000
3,125000000,127000000
3,125500000,127500000
3,126000000,128000000
3,126500000,128500000
3,127000000,129000000
3,127500000,129500000
3,128000000,130000000
3,128500000,130500000
3,129000000,131000000
3,129500000,131500000
3,130000000,132000000
3,130500000,132500000
3,131000000,133000000
3,131500000,133500000
3,132000000,134000000
3,132500000,134500000
3,133000000,135000000
3,133500000,135500000
3,134000000,136000000
3,134500000,136500000
3,135000000,137000000
3,135500000,137500000
3,136000000,138000000
3,136500000,138500000
3,137000000,139000000
3,137500000,139500000
3,138000000,140000000
3,138500000,140500000
3,139000000,141000000
3,139500000,141500000
3,140000000,142000000
3,140500000,142500000
3,141000000,143000000
3,141500000,143500000
3,142000000,144000000
3,142500000,144500000
3,143000000,145000000
3,143500000,145500000
3,144000000,146000000
3,144500000,146500000
3,145000000,147000000
3,145500000,147500000
3,146000000,148000000
3,146500000,148500000
3,147000000,149000000
3,147500000,149500000
3,148000000,150000000
3,148500000,150500000
3,149000000,151000000
3,149500000,151500000
3,150000000,152000000
3,150500000,152500000
3,151000000,153000000
3,151500000,153500000
3,152000000,154000000
3,152500000,154500000
3,153000000,155000000
3,153500000,155500000
3,154000000,156000000
3,154500000,156500000
3,155000000,157000000
3,155500000,157500000
3,156000000,158000000
3,156500000,158500000
3,157000000,159000000
3,157500000,159500000
3,158000000,160000000
3,158500000,160500000
3,159000000,161000000
3,159500000,161500000
3,160000000,162000000
3,160500000,162500000
3,161000000,163000000
3,161500000,163500000
3,162000000,164000000
3,162500000,164500000
3,163000000,165000000
3,163500000,165500000
3,164000000,166000000
3,164500000,166500000
3,165000000,167000000
3,165500000,167500000
3,166000000,168000000
3,166500000,168500000
3,167000000,169000000
3,167500000,169500000
3,168000000,170000000
3,168500000,170500000
3,169000000,171000000
3,169500000,171500000
3,170000000,172000000
3,170500000,172500000
3,171000000,173000000
3,171500000,173500000
3,172000000,174000000
3,172500000,174500000
3,173000000,175000000
3,173500000,175500000
3,174000000,176000000
3,174500000,176500000
3,175000000,177000000
3,175500000,177500000
3,176000000,178000000
3,176500000,178500000
3,177000000,179000000
3,177500000,179500000
3,178000000,180000000
3,178500000,180500000
3,179000000,181000000
3,179500000,181500000
3,180000000,182000000
3,180500000,182500000
3,181000000,183000000
3,181500000,183500000
3,182000000,184000000
3,182500000,184500000
3,183000000,185000000
3,183500000,185500000
3,184000000,186000000
3,184500000,186500000
3,185000000,187000000
3,185500000,187500000
3,186000000,188000000
3,186500000,188500000
3,187000000,189000000
3,187500000,189500000
3,188000000,190000000
3,188500000,190500000
3,189000000,191000000
3,189500000,191500000
3,190000000,192000000
3,190500000,192500000
3,191000000,193000000
3,191500000,193500000
3,192000000,194000000
3,192500000,194500000
3,193000000,195000000
3,193500000,195500000
3,194000000,196000000
3,194500000,196500000
3,195000000,197000000
3,195500000,197500000
3,196000000,198000000
4,0,2000000
4,500000,2500000
4,1000000,3000000
4,1500000,3500000
4,2000000,4000000
4,2500000,4500000
4,3000000,5000000
4,3500000,5500000
4,4000000,6000000
4,4500000,6500000
4,5000000,7000000
4,5500000,7500000
4,6000000,8000000
4,6500000,8500000
4,7000000,9000000
4,7500000,9500000
4,8000000,10000000
4,8500000,10500000
4,9000000,11000000
4,9500000,11500000
4,10000000,12000000
4,10500000,12500000
4,11000000,13000000
4,11500000,13500000
4,12000000,14000000
4,12500000,14500000
4,13000000,15000000
4,13500000,15500000
4,14000000,16000000
4,14500000,16500000
4,15000000,17000000
4,15500000,17500000
4,16000000,18000000
4,16500000,18500000
4,17000000,19000000
4,17500000,19500000
4,18000000,20000000
4,18500000,20500000
4,19000000,21000000
4,19500000,21500000
4,20000000,22000000
4,20500000,22500000
4,21000000,23000000
4,21500000,23500000
4,22000000,24000000
4,22500000,24500000
4,23000000,25000000
4,23500000,25500000
4,24000000,26000000
4,24500000,26500000
4,25000000,27000000
4,25500000,27500000
4,26000000,28000000
4,26500000,28500000
4,27000000,29000000
4,27500000,29500000
4,28000000,30000000
4,28500000,30500000
4,29000000,31000000
4,29500000,31500000
4,30000000,32000000
4,30500000,32500000
4,31000000,33000000
4,31500000,33500000
4,32000000,34000000
4,32500000,34500000
4,33000000,35000000
4,33500000,35500000
4,34000000,36000000
4,34500000,36500000
4,35000000,37000000
4,35500000,37500000
4,36000000,38000000
4,36500000,38500000
4,37000000,39000000
4,37500000,39500000
4,38000000,40000000
4,38500000,40500000
4,39000000,41000000
4,39500000,41500000
4,40000000,42000000
4,40500000,42500000
4,41000000,43000000
4,41500000,43500000
4,42000000,44000000
4,42500000,44500000
4,43000000,45000000
4,43500000,45500000
4,44000000,46000000
4,44500000,46500000
4,45000000,47000000
4,45500000,47500000
4,46000000,48000000
4,46500000,48500000
4,47000000,49000000
4,47500000,49500000
4,48000000,50000000
4,48500000,50500000
4,49000000,51000000
4,49500000,51500000
4,52000000,54000000
4,52500000,54500000
4,53000000,55000000
4,53500000,55500000
4,54000000,56000000
4,54500000,56500000
4,55000000,57000000
4,55500000,57500000
4,56000000,58000000
4,56500000,58500000
4,57000000,59000000
4,57500000,59500000
4,58000000,60000000
4,58500000,60500000
4,59000000,61000000
4,59500000,61500000
4,60000000,62000000
4,60500000,62500000
4,61000000,63000000
4,61500000,63500000
4,62000000,64000000
4,62500000,64500000
4,63000000,65000000
4,63500000,65500000
4,64000000,66000000
4,64500000,66500000
4,65000000,67000000
4,65500000,67500000
4,66000000,68000000
4,66500000,68500000
4,67000000,69000000
4,67500000,69500000
4,68000000,70000000
4,68500000,70500000
4,69000000,71000000
4,69500000,71500000
4,70000000,72000000
4,70500000,72500000
4,71000000,73000000
4,71500000,73500000
4,72000000,74000000
4,72500000,74500000
4,73000000,75000000
4,73500000,75500000
4,74000000,76000000
4,74500000,76500000
4,75000000,77000000
4,75500000,77500000
4,76000000,78000000
4,76500000,78500000
4,77000000,79000000
4,77500000,79500000
4,78000000,80000000
4,78500000,80500000
4,79000000,81000000
4,79500000,81500000
4,80000000,82000000
4,80500000,82500000
4,81000000,83000000
4,81500000,83500000
4,82000000,84000000
4,82500000,84500000
4,83000000,85000000
4,83500000,85500000
4,84000000,86000000
4,84500000,86500000
4,85000000,87000000
4,85500000,87500000
4,86000000,88000000
4,86500000,88500000
4,87000000,89000000
4,87500000,89500000
4,88000000,90000000
4,88500000,90500000
4,89000000,91000000
4,89500000,91500000
4,90000000,92000000
4,90500000,92500000
4,91000000,93000000
4,91500000,93500000
4,92000000,94000000
4,92500000,94500000
4,93000000,95000000
4,93500000,95500000
4,94000000,96000000
4,94500000,96500000
4,95000000,97000000
4,95500000,97500000
4,96000000,98000000
4,96500000,98500000
4,97000000,99000000
4,97500000,99500000
4,98000000,100000000
4,98500000,100500000
4,99000000,101000000
4,99500000,101500000
4,100000000,102000000
4,100500000,102500000
4,101000000,103000000
4,101500000,103500000
4,102000000,104000000
4,102500000,104500000
4,103000000,105000000
4,103500000,105500000
4,104000000,106000000
4,104500000,106500000
4,105000000,107000000
4,105500000,107500000
4,106000000,108000000
4,106500000,108500000
4,107000000,109000000
4,107500000,109500000
4,108000000,110000000
4,108500000,110500000
4,109000000,111000000
4,109500000,111500000
4,110000000,112000000
4,110500000,112500000
4,111000000,113000000
4,111500000,113500000
4,112000000,114000000
4,112500000,114500000
4,113000000,115000000
4,113500000,115500000
4,114000000,116000000
4,114500000,116500000
4,115000000,117000000
4,115500000,117500000
4,116000000,118000000
4,116500000,118500000
4,117000000,119000000
4,117500000,119500000
4,118000000,120000000
4,118500000,120500000
4,119000000,121000000
4,119500000,121500000
4,120000000,122000000
4,120500000,122500000
4,121000000,123000000
4,121500000,123500000
4,122000000,124000000
4,122500000,124500000
4,123000000,125000000
4,123500000,125500000
4,124000000,126000000
4,124500000,126500000
4,125000000,127000000
4,125500000,127500000
4,126000000,128000000
4,126500000,128500000
4,127000000,129000000
4,127500000,129500000
4,128000000,130000000
4,128500000,130500000
4,129000000,131000000
4,129500000,131500000
4,130000000,132000000
4,130500000,132500000
4,131000000,133000000
4,131500000,133500000
4,132000000,134000000
4,132500000,134500000
4,133000000,135000000
4,133500000,135500000
4,134000000,136000000
4,134500000,136500000
4,135000000,137000000
4,135500000,137500000
4,136000000,138000000
4,136500000,138500000
4,137000000,139000000
4,137500000,139500000
4,138000000,140000000
4,138500000,140500000
4,139000000,141000000
4,139500000,141500000
4,140000000,142000000
4,140500000,142500000
4,141000000,143000000
4,141500000,143500000
4,142000000,144000000
4,142500000,144500000
4,143000000,145000000
4,143500000,145500000
4,144000000,146000000
4,144500000,146500000
4,145000000,147000000
4,145500000,147500000
4,146000000,148000000
4,146500000,148500000
4,147000000,149000000
4,147500000,149500000
4,148000000,150000000
4,148500000,150500000
4,149000000,151000000
4,149500000,151500000
4,150000000,152000000
4,150500000,152500000
4,151000000,153000000
4,151500000,153500000
4,152000000,154000000
4,152500000,154500000
4,153000000,155000000
4,153500000,155500000
4,154000000,156000000
4,154500000,156500000
4,155000000,157000000
4,155500000,157500000
4,156000000,158000000
4,156500000,158500000
4,157000000,159000000
4,157500000,159500000
4,158000000,160000000
4,158500000,160500000
4,159000000,161000000
4,159500000,161500000
4,160000000,162000000
4,160500000,162500000
4,161000000,163000000
4,161500000,163500000
4,162000000,164000000
4,162500000,164500000
4,163000000,165000000
4,163500000,165500000
4,164000000,166000000
4,164500000,166500000
4,165000000,167000000
4,165500000,167500000
4,166000000,168000000
4,166500000,168500000
4,167000000,169000000
4,167500000,169500000
4,168000000,170000000
4,168500000,170500000
4,169000000,171000000
4,169500000,171500000
4,170000000,172000000
4,170500000,172500000
4,171000000,173000000
4,171500000,173500000
4,172000000,174000000
4,172500000,174500000
4,173000000,175000000
4,173500000,175500000
4,174000000,176000000
4,174500000,176500000
4,175000000,177000000
4,175500000,177500000
4,176000000,178000000
4,176500000,178500000
4,177000000,179000000
4,177500000,179500000
4,178000000,180000000
4,178500000,180500000
4,179000000,181000000
4,179500000,181500000
4,180000000,182000000
4,180500000,182500000
4,181000000,183000000
4,181500000,183500000
4,182000000,184000000
4,182500000,184500000
4,183000000,185000000
4,183500000,185500000
4,184000000,186000000
4,184500000,186500000
4,185000000,187000000
4,185500000,187500000
4,186000000,188000000
4,186500000,188500000
4,187000000,189000000
4,187500000,189500000
4,188000000,190000000
5,0,2000000
5,500000,2500000
5,1000000,3000000
5,1500000,3500000
5,2000000,4000000
5,2500000,4500000
5,3000000,5000000
5,3500000,5500000
5,4000000,6000000
5,4500000,6500000
5,5000000,7000000
5,5500000,7500000
5,6000000,8000000
5,6500000,8500000
5,7000000,9000000
5,7500000,9500000
5,8000000,10000000
5,8500000,10500000
5,9000000,11000000
5,9500000,11500000
5,10000000,12000000
5,10500000,12500000
5,11000000,13000000
5,11500000,13500000
5,12000000,14000000
5,12500000,14500000
5,13000000,15000000
5,13500000,15500000
5,14000000,16000000
5,14500000,16500000
5,15000000,17000000
5,15500000,17500000
5,16000000,18000000
5,16500000,18500000
5,17000000,19000000
5,17500000,19500000
5,18000000,20000000
5,18500000,20500000
5,19000000,21000000
5,19500000,21500000
5,20000000,22000000
5,20500000,22500000
5,21000000,23000000
5,21500000,23500000
5,22000000,24000000
5,22500000,24500000
5,23000000,25000000
5,23500000,25500000
5,24000000,26000000
5,24500000,26500000
5,25000000,27000000
5,25500000,27500000
5,26000000,28000000
5,26500000,28500000
5,27000000,29000000
5,27500000,29500000
5,28000000,30000000
5,28500000,30500000
5,29000000,31000000
5,29500000,31500000
5,30000000,32000000
5,30500000,32500000
5,31000000,33000000
5,31500000,33500000
5,32000000,34000000
5,32500000,34500000
5,33000000,35000000
5,33500000,35500000
5,34000000,36000000
5,34500000,36500000
5,35000000,37000000
5,35500000,37500000
5,36000000,38000000
5,36500000,38500000
5,37000000,39000000
5,37500000,39500000
5,38000000,40000000
5,38500000,40500000
5,39000000,41000000
5,39500000,41500000
5,40000000,42000000
5,40500000,42500000
5,41000000,43000000
5,41500000,43500000
5,42000000,44000000
5,42500000,44500000
5,43000000,45000000
5,43500000,45500000
5,44000000,46000000
5,44500000,46500000
5,45000000,47000000
5,45500000,47500000
5,46000000,48000000
5,50500000,52500000
5,51000000,53000000
5,51500000,53500000
5,52000000,54000000
5,52500000,54500000
5,53000000,55000000
5,53500000,55500000
5,54000000,56000000
5,54500000,56500000
5,55000000,57000000
5,55500000,57500000
5,56000000,58000000
5,56500000,58500000
5,57000000,59000000
5,57500000,59500000
5,58000000,60000000
5,58500000,60500000
5,59000000,61000000
5,59500000,61500000
5,60000000,62000000
5,60500000,62500000
5,61000000,63000000
5,61500000,63500000
5,62000000,64000000
5,62500000,64500000
5,63000000,65000000
5,63500000,65500000
5,64000000,66000000
5,64500000,66500000
5,65000000,67000000
5,65500000,67500000
5,66000000,68000000
5,66500000,68500000
5,67000000,69000000
5,67500000,69500000
5,68000000,70000000
5,68500000,70500000
5,69000000,71000000
5,69500000,71500000
5,70000000,72000000
5,70500000,72500000
5,71000000,73000000
5,71500000,73500000
5,72000000,74000000
5,72500000,74500000
5,73000000,75000000
5,73500000,75500000
5,74000000,76000000
5,74500000,76500000
5,75000000,77000000
5,75500000,77500000
5,76000000,78000000
5,76500000,78500000
5,77000000,79000000
5,77500000,79500000
5,78000000,80000000
5,78500000,80500000
5,79000000,81000000
5,79500000,81500000
5,80000000,82000000
5,80500000,82500000
5,81000000,83000000
5,81500000,83500000
5,82000000,84000000
5,82500000,84500000
5,83000000,85000000
5,83500000,85500000
5,84000000,86000000
5,84500000,86500000
5,85000000,87000000
5,85500000,87500000
5,86000000,88000000
5,86500000,88500000
5,87000000,89000000
5,87500000,89500000
5,88000000,90000000
5,88500000,90500000
5,89000000,91000000
5,89500000,91500000
5,90000000,92000000
5,90500000,92500000
5,91000000,93000000
5,91500000,93500000
5,92000000,94000000
5,92500000,94500000
5,93000000,95000000
5,93500000,95500000
5,94000000,96000000
5,94500000,96500000
5,95000000,97000000
5,95500000,97500000
5,96000000,98000000
5,96500000,98500000
5,97000000,99000000
5,97500000,99500000
5,98000000,100000000
5,98500000,100500000
5,99000000,101000000
5,99500000,101500000
5,100000000,102000000
5,100500000,102500000
5,101000000,103000000
5,101500000,103500000
5,102000000,104000000
5,102500000,104500000
5,103000000,105000000
5,103500000,105500000
5,104000000,106000000
5,104500000,106500000
5,105000000,107000000
5,105500000,107500000
5,106000000,108000000
5,106500000,108500000
5,107000000,109000000
5,107500000,109500000
5,108000000,110000000
5,108500000,110500000
5,109000000,111000000
5,109500000,111500000
5,110000000,112000000
5,110500000,112500000
5,111000000,113000000
5,111500000,113500000
5,112000000,114000000
5,112500000,114500000
5,113000000,115000000
5,113500000,115500000
5,114000000,116000000
5,114500000,116500000
5,115000000,117000000
5,115500000,117500000
5,116000000,118000000
5,116500000,118500000
5,117000000,119000000
5,117500000,119500000
5,118000000,120000000
5,118500000,120500000
5,119000000,121000000
5,119500000,121500000
5,120000000,122000000
5,120500000,122500000
5,121000000,123000000
5,121500000,123500000
5,122000000,124000000
5,122500000,124500000
5,123000000,125000000
5,123500000,125500000
5,124000000,126000000
5,124500000,126500000
5,125000000,127000000
5,125500000,127500000
5,126000000,128000000
5,126500000,128500000
5,127000000,129000000
5,127500000,129500000
5,128000000,130000000
5,128500000,130500000
5,129000000,131000000
5,129500000,131500000
5,130000000,132000000
5,130500000,132500000
5,131000000,133000000
5,131500000,133500000
5,132000000,134000000
5,132500000,134500000
5,133000000,135000000
5,133500000,135500000
5,134000000,136000000
5,134500000,136500000
5,135000000,137000000
5,135500000,137500000
5,136000000,138000000
5,136500000,138500000
5,137000000,139000000
5,137500000,139500000
5,138000000,140000000
5,138500000,140500000
5,139000000,141000000
5,139500000,141500000
5,140000000,142000000
5,140500000,142500000
5,141000000,143000000
5,141500000,143500000
5,142000000,144000000
5,142500000,144500000
5,143000000,145000000
5,143500000,145500000
5,144000000,146000000
5,144500000,146500000
5,145000000,147000000
5,145500000,147500000
5,146000000,148000000
5,146500000,148500000
5,147000000,149000000
5,147500000,149500000
5,148000000,150000000
5,148500000,150500000
5,149000000,151000000
5,149500000,151500000
5,150000000,152000000
5,150500000,152500000
5,151000000,153000000
5,151500000,153500000
5,152000000,154000000
5,152500000,154500000
5,153000000,155000000
5,153500000,155500000
5,154000000,156000000
5,154500000,156500000
5,155000000,157000000
5,155500000,157500000
5,156000000,158000000
5,156500000,158500000
5,157000000,159000000
5,157500000,159500000
5,158000000,160000000
5,158500000,160500000
5,159000000,161000000
5,159500000,161500000
5,160000000,162000000
5,160500000,162500000
5,161000000,163000000
5,161500000,163500000
5,162000000,164000000
5,162500000,164500000
5,163000000,165000000
5,163500000,165500000
5,164000000,166000000
5,164500000,166500000
5,165000000,167000000
5,165500000,167500000
5,166000000,168000000
5,166500000,168500000
5,167000000,169000000
5,167500000,169500000
5,168000000,170000000
5,168500000,170500000
5,169000000,171000000
5,169500000,171500000
5,170000000,172000000
5,170500000,172500000
5,171000000,173000000
5,171500000,173500000
5,172000000,174000000
5,172500000,174500000
5,173000000,175000000
5,173500000,175500000
5,174000000,176000000
5,174500000,176500000
5,175000000,177000000
5,175500000,177500000
5,176000000,178000000
5,176500000,178500000
5,177000000,179000000
5,177500000,179500000
5,178000000,180000000
5,178500000,180500000
5,179000000,181000000
5,179500000,181500000
6,0,2000000
6,500000,2500000
6,1000000,3000000
6,1500000,3500000
6,2000000,4000000
6,2500000,4500000
6,3000000,5000000
6,3500000,5500000
6,4000000,6000000
6,4500000,6500000
6,5000000,7000000
6,5500000,7500000
6,6000000,8000000
6,6500000,8500000
6,7000000,9000000
6,7500000,9500000
6,8000000,10000000
6,8500000,10500000
6,9000000,11000000
6,9500000,11500000
6,10000000,12000000
6,10500000,12500000
6,11000000,13000000
6,11500000,13500000
6,12000000,14000000
6,12500000,14500000
6,13000000,15000000
6,13500000,15500000
6,14000000,16000000
6,14500000,16500000
6,15000000,17000000
6,15500000,17500000
6,16000000,18000000
6,16500000,18500000
6,17000000,19000000
6,17500000,19500000
6,18000000,20000000
6,18500000,20500000
6,19000000,21000000
6,19500000,21500000
6,20000000,22000000
6,20500000,22500000
6,21000000,23000000
6,21500000,23500000
6,22000000,24000000
6,22500000,24500000
6,23000000,25000000
6,23500000,25500000
6,24000000,26000000
6,24500000,26500000
6,25000000,27000000
6,25500000,27500000
6,26000000,28000000
6,26500000,28500000
6,27000000,29000000
6,27500000,29500000
6,28000000,30000000
6,28500000,30500000
6,29000000,31000000
6,29500000,31500000
6,30000000,32000000
6,30500000,32500000
6,31000000,33000000
6,31500000,33500000
6,32000000,34000000
6,32500000,34500000
6,33000000,35000000
6,33500000,35500000
6,34000000,36000000
6,34500000,36500000
6,35000000,37000000
6,35500000,37500000
6,36000000,38000000
6,36500000,38500000
6,37000000,39000000
6,37500000,39500000
6,38000000,40000000
6,38500000,40500000
6,39000000,41000000
6,39500000,41500000
6,40000000,42000000
6,40500000,42500000
6,41000000,43000000
6,41500000,43500000
6,42000000,44000000
6,42500000,44500000
6,43000000,45000000
6,43500000,45500000
6,44000000,46000000
6,44500000,46500000
6,45000000,47000000
6,45500000,47500000
6,46000000,48000000
6,46500000,48500000
6,47000000,49000000
6,47500000,49500000
6,48000000,50000000
6,48500000,50500000
6,49000000,51000000
6,49500000,51500000
6,50000000,52000000
6,50500000,52500000
6,51000000,53000000
6,51500000,53500000
6,52000000,54000000
6,52500000,54500000
6,53000000,55000000
6,53500000,55500000
6,54000000,56000000
6,54500000,56500000
6,55000000,57000000
6,55500000,57500000
6,56000000,58000000
6,56500000,58500000
6,57000000,59000000
6,57500000,59500000
6,58000000,60000000
6,58500000,60500000
6,60000000,62000000
6,60500000,62500000
6,61000000,63000000
6,61500000,63500000
6,62000000,64000000
6,62500000,64500000
6,63000000,65000000
6,63500000,65500000
6,64000000,66000000
6,64500000,66500000
6,65000000,67000000
6,65500000,67500000
6,66000000,68000000
6,66500000,68500000
6,67000000,69000000
6,67500000,69500000
6,68000000,70000000
6,68500000,70500000
6,69000000,71000000
6,69500000,71500000
6,70000000,72000000
6,70500000,72500000
6,71000000,73000000
6,71500000,73500000
6,72000000,74000000
6,72500000,74500000
6,73000000,75000000
6,73500000,75500000
6,74000000,76000000
6,74500000,76500000
6,75000000,77000000
6,75500000,77500000
6,76000000,78000000
6,76500000,78500000
6,77000000,79000000
6,77500000,79500000
6,78000000,80000000
6,78500000,80500000
6,79000000,81000000
6,79500000,81500000
6,80000000,82000000
6,80500000,82500000
6,81000000,83000000
6,81500000,83500000
6,82000000,84000000
6,82500000,84500000
6,83000000,85000000
6,83500000,85500000
6,84000000,86000000
6,84500000,86500000
6,85000000,87000000
6,85500000,87500000
6,86000000,88000000
6,86500000,88500000
6,87000000,89000000
6,87500000,89500000
6,88000000,90000000
6,88500000,90500000
6,89000000,91000000
6,89500000,91500000
6,90000000,92000000
6,90500000,92500000
6,91000000,93000000
6,91500000,93500000
6,92000000,94000000
6,92500000,94500000
6,93000000,95000000
6,93500000,95500000
6,94000000,96000000
6,94500000,96500000
6,95000000,97000000
6,95500000,97500000
6,96000000,98000000
6,96500000,98500000
6,97000000,99000000
6,97500000,99500000
6,98000000,100000000
6,98500000,100500000
6,99000000,101000000
6,99500000,101500000
6,100000000,102000000
6,100500000,102500000
6,101000000,103000000
6,101500000,103500000
6,102000000,104000000
6,102500000,104500000
6,103000000,105000000
6,103500000,105500000
6,104000000,106000000
6,104500000,106500000
6,105000000,107000000
6,105500000,107500000
6,106000000,108000000
6,106500000,108500000
6,107000000,109000000
6,107500000,109500000
6,108000000,110000000
6,108500000,110500000
6,109000000,111000000
6,109500000,111500000
6,110000000,112000000
6,110500000,112500000
6,111000000,113000000
6,111500000,113500000
6,112000000,114000000
6,112500000,114500000
6,113000000,115000000
6,113500000,115500000
6,114000000,116000000
6,114500000,116500000
6,115000000,117000000
6,115500000,117500000
6,116000000,118000000
6,116500000,118500000
6,117000000,119000000
6,117500000,119500000
6,118000000,120000000
6,118500000,120500000
6,119000000,121000000
6,119500000,121500000
6,120000000,122000000
6,120500000,122500000
6,121000000,123000000
6,121500000,123500000
6,122000000,124000000
6,122500000,124500000
6,123000000,125000000
6,123500000,125500000
6,124000000,126000000
6,124500000,126500000
6,125000000,127000000
6,125500000,127500000
6,126000000,128000000
6,126500000,128500000
6,127000000,129000000
6,127500000,129500000
6,128000000,130000000
6,128500000,130500000
6,129000000,131000000
6,129500000,131500000
6,130000000,132000000
6,130500000,132500000
6,131000000,133000000
6,131500000,133500000
6,132000000,134000000
6,132500000,134500000
6,133000000,135000000
6,133500000,135500000
6,134000000,136000000
6,134500000,136500000
6,135000000,137000000
6,135500000,137500000
6,136000000,138000000
6,136500000,138500000
6,137000000,139000000
6,137500000,139500000
6,138000000,140000000
6,138500000,140500000
6,139000000,141000000
6,139500000,141500000
6,140000000,142000000
6,140500000,142500000
6,141000000,143000000
6,141500000,143500000
6,142000000,144000000
6,142500000,144500000
6,143000000,145000000
6,143500000,145500000
6,144000000,146000000
6,144500000,146500000
6,145000000,147000000
6,145500000,147500000
6,146000000,148000000
6,146500000,148500000
6,147000000,149000000
6,147500000,149500000
6,148000000,150000000
6,148500000,150500000
6,149000000,151000000
6,149500000,151500000
6,150000000,152000000
6,150500000,152500000
6,151000000,153000000
6,151500000,153500000
6,152000000,154000000
6,152500000,154500000
6,153000000,155000000
6,153500000,155500000
6,154000000,156000000
6,154500000,156500000
6,155000000,157000000
6,155500000,157500000
6,156000000,158000000
6,156500000,158500000
6,157000000,159000000
6,157500000,159500000
6,158000000,160000000
6,158500000,160500000
6,159000000,161000000
6,159500000,161500000
6,160000000,162000000
6,160500000,162500000
6,161000000,163000000
6,161500000,163500000
6,162000000,164000000
6,162500000,164500000
6,163000000,165000000
6,163500000,165500000
6,164000000,166000000
6,164500000,166500000
6,165000000,167000000
6,165500000,167500000
6,166000000,168000000
6,166500000,168500000
6,167000000,169000000
6,167500000,169500000
6,168000000,170000000
6,168500000,170500000
7,0,2000000
7,500000,2500000
7,1000000,3000000
7,1500000,3500000
7,2000000,4000000
7,2500000,4500000
7,3000000,5000000
7,3500000,5500000
7,4000000,6000000
7,4500000,6500000
7,5000000,7000000
7,5500000,7500000
7,6000000,8000000
7,6500000,8500000
7,7000000,9000000
7,7500000,9500000
7,8000000,10000000
7,8500000,10500000
7,9000000,11000000
7,9500000,11500000
7,10000000,12000000
7,10500000,12500000
7,11000000,13000000
7,11500000,13500000
7,12000000,14000000
7,12500000,14500000
7,13000000,15000000
7,13500000,15500000
7,14000000,16000000
7,14500000,16500000
7,15000000,17000000
7,15500000,17500000
7,16000000,18000000
7,16500000,18500000
7,17000000,19000000
7,17500000,19500000
7,18000000,20000000
7,18500000,20500000
7,19000000,21000000
7,19500000,21500000
7,20000000,22000000
7,20500000,22500000
7,21000000,23000000
7,21500000,23500000
7,22000000,24000000
7,22500000,24500000
7,23000000,25000000
7,23500000,25500000
7,24000000,26000000
7,24500000,26500000
7,25000000,27000000
7,25500000,27500000
7,26000000,28000000
7,26500000,28500000
7,27000000,29000000
7,27500000,29500000
7,28000000,30000000
7,28500000,30500000
7,29000000,31000000
7,29500000,31500000
7,30000000,32000000
7,30500000,32500000
7,31000000,33000000
7,31500000,33500000
7,32000000,34000000
7,32500000,34500000
7,33000000,35000000
7,33500000,35500000
7,34000000,36000000
7,34500000,36500000
7,35000000,37000000
7,35500000,37500000
7,36000000,38000000
7,36500000,38500000
7,37000000,39000000
7,37500000,39500000
7,38000000,40000000
7,38500000,40500000
7,39000000,41000000
7,39500000,41500000
7,40000000,42000000
7,40500000,42500000
7,41000000,43000000
7,41500000,43500000
10,0,2000000
10,500000,2500000
10,1000000,3000000
10,1500000,3500000
10,2000000,4000000
10,2500000,4500000
10,3000000,5000000
10,3500000,5500000
10,4000000,6000000
10,4500000,6500000
10,5000000,7000000
10,5500000,7500000
10,6000000,8000000
10,6500000,8500000
10,7000000,9000000
10,7500000,9500000
10,8000000,10000000
10,8500000,10500000
10,9000000,11000000
10,9500000,11500000
10,10000000,12000000
10,10500000,12500000
10,11000000,13000000
10,11500000,13500000
10,12000000,14000000
10,12500000,14500000
10,13000000,15000000
10,13500000,15500000
10,14000000,16000000
10,14500000,16500000
10,15000000,17000000
10,15500000,17500000
10,16000000,18000000
10,16500000,18500000
10,17000000,19000000
10,17500000,19500000
10,18000000,20000000
10,18500000,20500000
10,19000000,21000000
10,19500000,21500000
10,20000000,22000000
10,20500000,22500000
10,21000000,23000000
10,21500000,23500000
10,22000000,24000000
10,22500000,24500000
10,23000000,25000000
10,23500000,25500000
10,24000000,26000000
10,24500000,26500000
10,25000000,27000000
10,25500000,27500000
10,26000000,28000000
10,26500000,28500000
10,27000000,29000000
10,27500000,29500000
10,28000000,30000000
10,28500000,30500000
10,29000000,31000000
10,29500000,31500000
10,30000000,32000000
10,30500000,32500000
10,31000000,33000000
10,31500000,33500000
10,32000000,34000000
10,32500000,34500000
10,33000000,35000000
10,33500000,35500000
10,34000000,36000000
10,34500000,36500000
10,35000000,37000000
10,35500000,37500000
10,36000000,38000000
10,36500000,38500000
10,37000000,39000000
10,37500000,39500000
10,38000000,40000000
10,38500000,40500000
10,39000000,41000000
10,39500000,41500000
10,42000000,44000000
10,42500000,44500000
10,43000000,45000000
10,43500000,45500000
10,44000000,46000000
10,44500000,46500000
10,45000000,47000000
10,45500000,47500000
10,46000000,48000000
10,46500000,48500000
10,47000000,49000000
10,47500000,49500000
10,48000000,50000000
10,48500000,50500000
10,49000000,51000000
10,49500000,51500000
10,50000000,52000000
10,50500000,52500000
10,51000000,53000000
10,51500000,53500000
10,52000000,54000000
10,52500000,54500000
10,53000000,55000000
10,53500000,55500000
10,54000000,56000000
10,54500000,56500000
10,55000000,57000000
10,55500000,57500000
10,56000000,58000000
10,56500000,58500000
10,57000000,59000000
10,57500000,59500000
10,58000000,60000000
10,58500000,60500000
10,59000000,61000000
10,59500000,61500000
10,60000000,62000000
10,60500000,62500000
10,61000000,63000000
10,61500000,63500000
10,62000000,64000000
10,62500000,64500000
10,63000000,65000000
10,63500000,65500000
10,64000000,66000000
10,64500000,66500000
10,65000000,67000000
10,65500000,67500000
10,66000000,68000000
10,66500000,68500000
10,67000000,69000000
10,67500000,69500000
10,68000000,70000000
10,68500000,70500000
10,69000000,71000000
10,69500000,71500000
10,70000000,72000000
10,70500000,72500000
10,71000000,73000000
10,71500000,73500000
10,72000000,74000000
10,72500000,74500000
10,73000000,75000000
10,73500000,75500000
10,74000000,76000000
10,74500000,76500000
10,75000000,77000000
10,75500000,77500000
10,76000000,78000000
10,76500000,78500000
10,77000000,79000000
10,77500000,79500000
10,78000000,80000000
10,78500000,80500000
10,79000000,81000000
10,79500000,81500000
10,80000000,82000000
10,80500000,82500000
10,81000000,83000000
10,81500000,83500000
10,82000000,84000000
10,82500000,84500000
10,83000000,85000000
10,83500000,85500000
10,84000000,86000000
10,84500000,86500000
10,85000000,87000000
10,85500000,87500000
10,86000000,88000000
10,86500000,88500000
10,87000000,89000000
10,87500000,89500000
10,88000000,90000000
10,88500000,90500000
10,89000000,91000000
10,89500000,91500000
10,90000000,92000000
10,90500000,92500000
10,91000000,93000000
10,91500000,93500000
10,92000000,94000000
10,92500000,94500000
10,93000000,95000000
10,93500000,95500000
10,94000000,96000000
10,94500000,96500000
10,95000000,97000000
10,95500000,97500000
10,96000000,98000000
10,96500000,98500000
10,97000000,99000000
10,97500000,99500000
10,98000000,100000000
10,98500000,100500000
10,99000000,101000000
10,99500000,101500000
10,100000000,102000000
10,100500000,102500000
10,101000000,103000000
10,101500000,103500000
10,102000000,104000000
10,102500000,104500000
10,103000000,105000000
10,103500000,105500000
10,104000000,106000000
10,104500000,106500000
10,105000000,107000000
10,105500000,107500000
10,106000000,108000000
10,106500000,108500000
10,107000000,109000000
10,107500000,109500000
10,108000000,110000000
10,108500000,110500000
10,109000000,111000000
10,109500000,111500000
10,110000000,112000000
10,110500000,112500000
10,111000000,113000000
10,111500000,113500000
10,112000000,114000000
10,112500000,114500000
10,113000000,115000000
10,113500000,115500000
10,114000000,116000000
10,114500000,116500000
10,115000000,117000000
10,115500000,117500000
10,116000000,118000000
10,116500000,118500000
10,117000000,119000000
10,117500000,119500000
10,118000000,120000000
10,118500000,120500000
10,119000000,121000000
10,119500000,121500000
10,120000000,122000000
10,120500000,122500000
10,121000000,123000000
10,121500000,123500000
10,122000000,124000000
10,122500000,124500000
10,123000000,125000000
10,123500000,125500000
10,124000000,126000000
10,124500000,126500000
10,125000000,127000000
10,125500000,127500000
10,126000000,128000000
10,126500000,128500000
10,127000000,129000000
10,127500000,129500000
10,128000000,130000000
10,128500000,130500000
10,129000000,131000000
10,129500000,131500000
10,130000000,132000000
10,130500000,132500000
10,131000000,133000000
10,131500000,133500000
11,0,2000000
11,500000,2500000
11,1000000,3000000
11,1500000,3500000
11,2000000,4000000
11,2500000,4500000
11,3000000,5000000
11,3500000,5500000
11,4000000,6000000
11,4500000,6500000
11,5000000,7000000
11,5500000,7500000
11,6000000,8000000
11,6500000,8500000
11,7000000,9000000
11,7500000,9500000
11,8000000,10000000
11,8500000,10500000
11,9000000,11000000
11,9500000,11500000
11,10000000,12000000
11,10500000,12500000
11,11000000,13000000
11,11500000,13500000
11,12000000,14000000
11,12500000,14500000
11,13000000,15000000
11,13500000,15500000
11,14000000,16000000
11,14500000,16500000
11,15000000,17000000
11,15500000,17500000
11,16000000,18000000
11,16500000,18500000
11,17000000,19000000
11,17500000,19500000
11,18000000,20000000
11,18500000,20500000
11,19000000,21000000
11,19500000,21500000
11,20000000,22000000
11,20500000,22500000
11,21000000,23000000
11,21500000,23500000
11,22000000,24000000
11,22500000,24500000
11,23000000,25000000
11,23500000,25500000
11,24000000,26000000
11,24500000,26500000
11,25000000,27000000
11,25500000,27500000
11,26000000,28000000
11,26500000,28500000
11,27000000,29000000
11,27500000,29500000
11,28000000,30000000
11,28500000,30500000
11,29000000,31000000
11,29500000,31500000
11,30000000,32000000
11,30500000,32500000
11,31000000,33000000
11,31500000,33500000
11,32000000,34000000
11,32500000,34500000
11,33000000,35000000
11,33500000,35500000
11,34000000,36000000
11,34500000,36500000
11,35000000,37000000
11,35500000,37500000
11,36000000,38000000
11,36500000,38500000
11,37000000,39000000
11,37500000,39500000
11,38000000,40000000
11,38500000,40500000
11,39000000,41000000
11,39500000,41500000
11,40000000,42000000
11,40500000,42500000
11,41000000,43000000
11,41500000,43500000
11,42000000,44000000
11,42500000,44500000
11,43000000,45000000
11,43500000,45500000
11,44000000,46000000
11,44500000,46500000
11,45000000,47000000
11,45500000,47500000
11,46000000,48000000
11,46500000,48500000
11,47000000,49000000
11,47500000,49500000
11,48000000,50000000
11,48500000,50500000
11,49000000,51000000
11,49500000,51500000
11,50000000,52000000
11,50500000,52500000
11,54500000,56500000
11,55000000,57000000
11,55500000,57500000
11,56000000,58000000
11,56500000,58500000
11,57000000,59000000
11,57500000,59500000
11,58000000,60000000
11,58500000,60500000
11,59000000,61000000
11,59500000,61500000
11,60000000,62000000
11,60500000,62500000
11,61000000,63000000
11,61500000,63500000
11,62000000,64000000
11,62500000,64500000
11,63000000,65000000
11,63500000,65500000
11,64000000,66000000
11,64500000,66500000
11,65000000,67000000
11,65500000,67500000
11,66000000,68000000
11,66500000,68500000
11,67000000,69000000
11,67500000,69500000
11,68000000,70000000
11,68500000,70500000
11,69000000,71000000
11,69500000,71500000
11,70000000,72000000
11,70500000,72500000
11,71000000,73000000
11,71500000,73500000
11,72000000,74000000
11,72500000,74500000
11,73000000,75000000
11,73500000,75500000
11,74000000,76000000
11,74500000,76500000
11,75000000,77000000
11,75500000,77500000
11,76000000,78000000
11,76500000,78500000
11,77000000,79000000
11,77500000,79500000
11,78000000,80000000
11,78500000,80500000
11,79000000,81000000
11,79500000,81500000
11,80000000,82000000
11,80500000,82500000
11,81000000,83000000
11,81500000,83500000
11,82000000,84000000
11,82500000,84500000
11,83000000,85000000
11,83500000,85500000
11,84000000,86000000
11,84500000,86500000
11,85000000,87000000
11,85500000,87500000
11,86000000,88000000
11,86500000,88500000
11,87000000,89000000
11,87500000,89500000
11,88000000,90000000
11,88500000,90500000
11,89000000,91000000
11,89500000,91500000
11,90000000,92000000
11,90500000,92500000
11,91000000,93000000
11,91500000,93500000
11,92000000,94000000
11,92500000,94500000
11,93000000,95000000
11,93500000,95500000
11,94000000,96000000
11,94500000,96500000
11,95000000,97000000
11,95500000,97500000
11,96000000,98000000
11,96500000,98500000
11,97000000,99000000
11,97500000,99500000
11,98000000,100000000
11,98500000,100500000
11,99000000,101000000
11,99500000,101500000
11,100000000,102000000
11,100500000,102500000
11,101000000,103000000
11,101500000,103500000
11,102000000,104000000
11,102500000,104500000
11,103000000,105000000
11,103500000,105500000
11,104000000,106000000
11,104500000,106500000
11,105000000,107000000
11,105500000,107500000
11,106000000,108000000
11,106500000,108500000
11,107000000,109000000
11,107500000,109500000
11,108000000,110000000
11,108500000,110500000
11,109000000,111000000
11,109500000,111500000
11,110000000,112000000
11,110500000,112500000
11,111000000,113000000
11,111500000,113500000
11,112000000,114000000
11,112500000,114500000
11,113000000,115000000
11,113500000,115500000
11,114000000,116000000
11,114500000,116500000
11,115000000,117000000
11,115500000,117500000
11,116000000,118000000
11,116500000,118500000
11,117000000,119000000
11,117500000,119500000
11,118000000,120000000
11,118500000,120500000
11,119000000,121000000
11,119500000,121500000
11,120000000,122000000
11,120500000,122500000
11,121000000,123000000
11,121500000,123500000
11,122000000,124000000
11,122500000,124500000
11,123000000,125000000
11,123500000,125500000
11,124000000,126000000
11,124500000,126500000
11,125000000,127000000
11,125500000,127500000
11,126000000,128000000
11,126500000,128500000
11,127000000,129000000
11,127500000,129500000
11,128000000,130000000
11,128500000,130500000
11,129000000,131000000
11,129500000,131500000
11,130000000,132000000
11,130500000,132500000
11,131000000,133000000
11,131500000,133500000
11,132000000,134000000
11,132500000,134500000
11,133000000,135000000
12,0,2000000
12,500000,2500000
12,1000000,3000000
12,1500000,3500000
12,2000000,4000000
12,2500000,4500000
12,3000000,5000000
12,3500000,5500000
12,4000000,6000000
12,4500000,6500000
12,5000000,7000000
12,5500000,7500000
12,6000000,8000000
12,6500000,8500000
12,7000000,9000000
12,7500000,9500000
12,8000000,10000000
12,8500000,10500000
12,9000000,11000000
12,9500000,11500000
12,10000000,12000000
12,10500000,12500000
12,11000000,13000000
12,11500000,13500000
12,12000000,14000000
12,12500000,14500000
12,13000000,15000000
12,13500000,15500000
12,14000000,16000000
12,14500000,16500000
12,15000000,17000000
12,15500000,17500000
12,16000000,18000000
12,16500000,18500000
12,17000000,19000000
12,17500000,19500000
12,18000000,20000000
12,18500000,20500000
12,19000000,21000000
12,19500000,21500000
12,20000000,22000000
12,20500000,22500000
12,21000000,23000000
12,21500000,23500000
12,22000000,24000000
12,22500000,24500000
12,23000000,25000000
12,23500000,25500000
12,24000000,26000000
12,24500000,26500000
12,25000000,27000000
12,25500000,27500000
12,26000000,28000000
12,26500000,28500000
12,27000000,29000000
12,27500000,29500000
12,28000000,30000000
12,28500000,30500000
12,29000000,31000000
12,29500000,31500000
12,30000000,32000000
12,30500000,32500000
12,31000000,33000000
12,31500000,33500000
12,32000000,34000000
12,32500000,34500000
12,33000000,35000000
12,33500000,35500000
12,34000000,36000000
12,34500000,36500000
12,37500000,39500000
12,38000000,40000000
12,38500000,40500000
12,39000000,41000000
12,39500000,41500000
12,40000000,42000000
12,40500000,42500000
12,41000000,43000000
12,41500000,43500000
12,42000000,44000000
12,42500000,44500000
12,43000000,45000000
12,43500000,45500000
12,44000000,46000000
12,44500000,46500000
12,45000000,47000000
12,45500000,47500000
12,46000000,48000000
12,46500000,48500000
12,47000000,49000000
12,47500000,49500000
12,48000000,50000000
12,48500000,50500000
12,49000000,51000000
12,49500000,51500000
12,50000000,52000000
12,50500000,52500000
12,51000000,53000000
12,51500000,53500000
12,52000000,54000000
12,52500000,54500000
12,53000000,55000000
12,53500000,55500000
12,54000000,56000000
12,54500000,56500000
12,55000000,57000000
12,55500000,57500000
12,56000000,58000000
12,56500000,58500000
12,57000000,59000000
12,57500000,59500000
12,58000000,60000000
12,58500000,60500000
12,59000000,61000000
12,59500000,61500000
12,60000000,62000000
12,60500000,62500000
12,61000000,63000000
12,61500000,63500000
12,62000000,64000000
12,62500000,64500000
12,63000000,65000000
12,63500000,65500000
12,64000000,66000000
12,64500000,66500000
12,65000000,67000000
12,65500000,67500000
12,66000000,68000000
12,66500000,68500000
12,67000000,69000000
12,67500000,69500000
12,68000000,70000000
12,68500000,70500000
12,69000000,71000000
12,69500000,71500000
12,70000000,72000000
12,70500000,72500000
12,71000000,73000000
12,71500000,73500000
12,72000000,74000000
12,72500000,74500000
12,73000000,75000000
12,73500000,75500000
12,74000000,76000000
12,74500000,76500000
12,75000000,77000000
12,75500000,77500000
12,76000000,78000000
12,76500000,78500000
12,77000000,79000000
12,77500000,79500000
12,78000000,80000000
12,78500000,80500000
12,79000000,81000000
12,79500000,81500000
12,80000000,82000000
12,80500000,82500000
12,81000000,83000000
12,81500000,83500000
12,82000000,84000000
12,82500000,84500000
12,83000000,85000000
12,83500000,85500000
12,84000000,86000000
12,84500000,86500000
12,85000000,87000000
12,85500000,87500000
12,86000000,88000000
12,86500000,88500000
12,87000000,89000000
12,87500000,89500000
12,88000000,90000000
12,88500000,90500000
12,89000000,91000000
12,89500000,91500000
12,90000000,92000000
12,90500000,92500000
12,91000000,93000000
12,91500000,93500000
12,92000000,94000000
12,92500000,94500000
12,93000000,95000000
12,93500000,95500000
12,94000000,96000000
12,94500000,96500000
12,95000000,97000000
12,95500000,97500000
12,96000000,98000000
12,96500000,98500000
12,97000000,99000000
12,97500000,99500000
12,98000000,100000000
12,98500000,100500000
12,99000000,101000000
12,99500000,101500000
12,100000000,102000000
12,100500000,102500000
12,101000000,103000000
12,101500000,103500000
12,102000000,104000000
12,102500000,104500000
12,103000000,105000000
12,103500000,105500000
12,104000000,106000000
12,104500000,106500000
12,105000000,107000000
12,105500000,107500000
12,106000000,108000000
12,106500000,108500000
12,107000000,109000000
12,107500000,109500000
12,108000000,110000000
12,108500000,110500000
12,109000000,111000000
12,109500000,111500000
12,110000000,112000000
12,110500000,112500000
12,111000000,113000000
12,111500000,113500000
12,112000000,114000000
12,112500000,114500000
12,113000000,115000000
12,113500000,115500000
12,114000000,116000000
12,114500000,116500000
12,115000000,117000000
12,115500000,117500000
12,116000000,118000000
12,116500000,118500000
12,117000000,119000000
12,117500000,119500000
12,118000000,120000000
12,118500000,120500000
12,119000000,121000000
12,119500000,121500000
12,120000000,122000000
12,120500000,122500000
12,121000000,123000000
12,121500000,123500000
12,122000000,124000000
12,122500000,124500000
12,123000000,125000000
12,123500000,125500000
12,124000000,126000000
12,124500000,126500000
12,125000000,127000000
12,125500000,127500000
12,126000000,128000000
12,126500000,128500000
12,127000000,129000000
12,127500000,129500000
12,128000000,130000000
12,128500000,130500000
12,129000000,131000000
12,129500000,131500000
12,130000000,132000000
12,130500000,132500000
12,131000000,133000000
13,14500000,16500000
13,15000000,17000000
13,15500000,17500000
13,18500000,20500000
13,19000000,21000000
13,19500000,21500000
13,20000000,22000000
13,20500000,22500000
13,21000000,23000000
13,21500000,23500000
13,22000000,24000000
13,22500000,24500000
13,23000000,25000000
13,23500000,25500000
13,24000000,26000000
13,24500000,26500000
13,25000000,27000000
13,25500000,27500000
13,26000000,28000000
13,26500000,28500000
13,27000000,29000000
13,27500000,29500000
13,28000000,30000000
13,28500000,30500000
13,29000000,31000000
13,29500000,31500000
13,30000000,32000000
13,30500000,32500000
13,31000000,33000000
13,31500000,33500000
13,32000000,34000000
13,32500000,34500000
13,33000000,35000000
13,33500000,35500000
13,34000000,36000000
13,34500000,36500000
13,35000000,37000000
13,35500000,37500000
13,36000000,38000000
13,36500000,38500000
13,37000000,39000000
13,37500000,39500000
13,38000000,40000000
13,38500000,40500000
13,39000000,41000000
13,39500000,41500000
13,40000000,42000000
13,40500000,42500000
13,41000000,43000000
13,41500000,43500000
13,42000000,44000000
13,42500000,44500000
13,43000000,45000000
13,43500000,45500000
13,44000000,46000000
13,44500000,46500000
13,45000000,47000000
13,45500000,47500000
13,46000000,48000000
13,46500000,48500000
13,47000000,49000000
13,47500000,49500000
13,48000000,50000000
13,48500000,50500000
13,49000000,51000000
13,49500000,51500000
13,50000000,52000000
13,50500000,52500000
13,51000000,53000000
13,51500000,53500000
13,52000000,54000000
13,52500000,54500000
13,53000000,55000000
13,53500000,55500000
13,54000000,56000000
13,54500000,56500000
13,55000000,57000000
13,55500000,57500000
13,56000000,58000000
13,56500000,58500000
13,57000000,59000000
13,57500000,59500000
13,58000000,60000000
13,58500000,60500000
13,59000000,61000000
13,59500000,61500000
13,60000000,62000000
13,60500000,62500000
13,61000000,63000000
13,61500000,63500000
13,62000000,64000000
13,62500000,64500000
13,63000000,65000000
13,63500000,65500000
13,64000000,66000000
13,64500000,66500000
13,65000000,67000000
13,65500000,67500000
13,66000000,68000000
13,66500000,68500000
13,67000000,69000000
13,67500000,69500000
13,68000000,70000000
13,68500000,70500000
13,69000000,71000000
13,69500000,71500000
13,70000000,72000000
13,70500000,72500000
13,71000000,73000000
13,71500000,73500000
13,72000000,74000000
13,72500000,74500000
13,73000000,75000000
13,73500000,75500000
13,74000000,76000000
13,74500000,76500000
13,75000000,77000000
13,75500000,77500000
13,76000000,78000000
13,76500000,78500000
13,77000000,79000000
13,77500000,79500000
13,78000000,80000000
13,78500000,80500000
13,79000000,81000000
13,79500000,81500000
13,80000000,82000000
13,80500000,82500000
13,81000000,83000000
13,81500000,83500000
13,82000000,84000000
13,82500000,84500000
13,83000000,85000000
13,83500000,85500000
13,84000000,86000000
13,84500000,86500000
13,85000000,87000000
13,85500000,87500000
13,86000000,88000000
13,86500000,88500000
13,87000000,89000000
13,87500000,89500000
13,88000000,90000000
13,88500000,90500000
13,89000000,91000000
13,89500000,91500000
13,90000000,92000000
13,90500000,92500000
13,91000000,93000000
13,91500000,93500000
13,92000000,94000000
13,92500000,94500000
13,93000000,95000000
13,93500000,95500000
13,94000000,96000000
13,94500000,96500000
13,95000000,97000000
13,95500000,97500000
13,96000000,98000000
13,96500000,98500000
13,97000000,99000000
13,97500000,99500000
13,98000000,100000000
13,98500000,100500000
13,99000000,101000000
13,99500000,101500000
13,100000000,102000000
13,100500000,102500000
13,101000000,103000000
13,101500000,103500000
13,102000000,104000000
13,102500000,104500000
13,103000000,105000000
13,103500000,105500000
13,104000000,106000000
13,104500000,106500000
13,105000000,107000000
13,105500000,107500000
13,106000000,108000000
13,106500000,108500000
13,107000000,109000000
13,107500000,109500000
13,108000000,110000000
13,108500000,110500000
13,109000000,111000000
13,109500000,111500000
13,110000000,112000000
13,110500000,112500000
13,111000000,113000000
13,111500000,113500000
13,112000000,114000000
14,14500000,16500000
14,15000000,17000000
14,15500000,17500000
14,18500000,20500000
14,19000000,21000000
14,19500000,21500000
14,20000000,22000000
14,20500000,22500000
14,21000000,23000000
14,21500000,23500000
14,22000000,24000000
14,22500000,24500000
14,23000000,25000000
14,23500000,25500000
14,24000000,26000000
14,24500000,26500000
14,25000000,27000000
14,25500000,27500000
14,26000000,28000000
14,26500000,28500000
14,27000000,29000000
14,27500000,29500000
14,28000000,30000000
14,28500000,30500000
14,29000000,31000000
14,29500000,31500000
14,30000000,32000000
14,30500000,32500000
14,31000000,33000000
14,31500000,33500000
14,32000000,34000000
14,32500000,34500000
14,33000000,35000000
14,33500000,35500000
14,34000000,36000000
14,34500000,36500000
14,35000000,37000000
14,35500000,37500000
14,36000000,38000000
14,36500000,38500000
14,37000000,39000000
14,37500000,39500000
14,38000000,40000000
14,38500000,40500000
14,39000000,41000000
14,39500000,41500000
14,40000000,42000000
14,40500000,42500000
14,41000000,43000000
14,41500000,43500000
14,42000000,44000000
14,42500000,44500000
14,43000000,45000000
14,43500000,45500000
14,44000000,46000000
14,44500000,46500000
14,45000000,47000000
14,45500000,47500000
14,46000000,48000000
14,46500000,48500000
14,47000000,49000000
14,47500000,49500000
14,48000000,50000000
14,48500000,50500000
14,49000000,51000000
14,49500000,51500000
14,50000000,52000000
14,50500000,52500000
14,51000000,53000000
14,51500000,53500000
14,52000000,54000000
14,52500000,54500000
14,53000000,55000000
14,53500000,55500000
14,54000000,56000000
14,54500000,56500000
14,55000000,57000000
14,55500000,57500000
14,56000000,58000000
14,56500000,58500000
14,57000000,59000000
14,57500000,59500000
14,58000000,60000000
14,58500000,60500000
14,59000000,61000000
14,59500000,61500000
14,60000000,62000000
14,60500000,62500000
14,61000000,63000000
14,61500000,63500000
14,62000000,64000000
14,62500000,64500000
14,63000000,65000000
14,63500000,65500000
14,64000000,66000000
14,64500000,66500000
14,65000000,67000000
14,65500000,67500000
14,66000000,68000000
14,66500000,68500000
14,67000000,69000000
14,67500000,69500000
14,68000000,70000000
14,68500000,70500000
14,69000000,71000000
14,69500000,71500000
14,70000000,72000000
14,70500000,72500000
14,71000000,73000000
14,71500000,73500000
14,72000000,74000000
14,72500000,74500000
14,73000000,75000000
14,73500000,75500000
14,74000000,76000000
14,74500000,76500000
14,75000000,77000000
14,75500000,77500000
14,76000000,78000000
14,76500000,78500000
14,77000000,79000000
14,77500000,79500000
14,78000000,80000000
14,78500000,80500000
14,79000000,81000000
14,79500000,81500000
14,80000000,82000000
14,80500000,82500000
14,81000000,83000000
14,81500000,83500000
14,82000000,84000000
14,82500000,84500000
14,83000000,85000000
14,83500000,85500000
14,84000000,86000000
14,84500000,86500000
14,85000000,87000000
14,85500000,87500000
14,86000000,88000000
14,86500000,88500000
14,87000000,89000000
14,87500000,89500000
14,88000000,90000000
14,88500000,90500000
14,89000000,91000000
14,89500000,91500000
14,90000000,92000000
14,90500000,92500000
14,91000000,93000000
14,91500000,93500000
14,92000000,94000000
14,92500000,94500000
14,93000000,95000000
14,93500000,95500000
14,94000000,96000000
14,94500000,96500000
14,95000000,97000000
14,95500000,97500000
14,96000000,98000000
14,96500000,98500000
14,97000000,99000000
14,97500000,99500000
14,98000000,100000000
14,98500000,100500000
14,99000000,101000000
14,99500000,101500000
14,100000000,102000000
14,100500000,102500000
14,101000000,103000000
14,101500000,103500000
14,102000000,104000000
14,102500000,104500000
14,103000000,105000000
14,103500000,105500000
14,104000000,106000000
14,104500000,106500000
14,105000000,107000000
15,15500000,17500000
15,16000000,18000000
15,16500000,18500000
15,17000000,19000000
15,20000000,22000000
15,20500000,22500000
15,21000000,23000000
15,21500000,23500000
15,22000000,24000000
15,22500000,24500000
15,23000000,25000000
15,23500000,25500000
15,24000000,26000000
15,24500000,26500000
15,25000000,27000000
15,25500000,27500000
15,26000000,28000000
15,26500000,28500000
15,27000000,29000000
15,27500000,29500000
15,28000000,30000000
15,28500000,30500000
15,29000000,31000000
15,29500000,31500000
15,30000000,32000000
15,30500000,32500000
15,31000000,33000000
15,31500000,33500000
15,32000000,34000000
15,32500000,34500000
15,33000000,35000000
15,33500000,35500000
15,34000000,36000000
15,34500000,36500000
15,35000000,37000000
15,35500000,37500000
15,36000000,38000000
15,36500000,38500000
15,37000000,39000000
15,37500000,39500000
15,38000000,40000000
15,38500000,40500000
15,39000000,41000000
15,39500000,41500000
15,40000000,42000000
15,40500000,42500000
15,41000000,43000000
15,41500000,43500000
15,42000000,44000000
15,42500000,44500000
15,43000000,45000000
15,43500000,45500000
15,44000000,46000000
15,44500000,46500000
15,45000000,47000000
15,45500000,47500000
15,46000000,48000000
15,46500000,48500000
15,47000000,49000000
15,47500000,49500000
15,48000000,50000000
15,48500000,50500000
15,49000000,51000000
15,49500000,51500000
15,50000000,52000000
15,50500000,52500000
15,51000000,53000000
15,51500000,53500000
15,52000000,54000000
15,52500000,54500000
15,53000000,55000000
15,53500000,55500000
15,54000000,56000000
15,54500000,56500000
15,55000000,57000000
15,55500000,57500000
15,56000000,58000000
15,56500000,58500000
15,57000000,59000000
15,57500000,59500000
15,58000000,60000000
15,58500000,60500000
15,59000000,61000000
15,59500000,61500000
15,60000000,62000000
15,60500000,62500000
15,61000000,63000000
15,61500000,63500000
15,62000000,64000000
15,62500000,64500000
15,63000000,65000000
15,63500000,65500000
15,64000000,66000000
15,64500000,66500000
15,65000000,67000000
15,65500000,67500000
15,66000000,68000000
15,66500000,68500000
15,67000000,69000000
15,67500000,69500000
15,68000000,70000000
15,68500000,70500000
15,69000000,71000000
15,69500000,71500000
15,70000000,72000000
15,70500000,72500000
15,71000000,73000000
15,71500000,73500000
15,72000000,74000000
15,72500000,74500000
15,73000000,75000000
15,73500000,75500000
15,74000000,76000000
15,74500000,76500000
15,75000000,77000000
15,75500000,77500000
15,76000000,78000000
15,76500000,78500000
15,77000000,79000000
15,77500000,79500000
15,78000000,80000000
15,78500000,80500000
15,79000000,81000000
15,79500000,81500000
15,80000000,82000000
15,80500000,82500000
15,81000000,83000000
15,81500000,83500000
15,82000000,84000000
15,82500000,84500000
15,83000000,85000000
15,83500000,85500000
15,84000000,86000000
15,84500000,86500000
15,85000000,87000000
15,85500000,87500000
15,86000000,88000000
15,86500000,88500000
15,87000000,89000000
15,87500000,89500000
15,88000000,90000000
15,88500000,90500000
15,89000000,91000000
15,89500000,91500000
15,90000000,92000000
15,90500000,92500000
15,91000000,93000000
15,91500000,93500000
15,92000000,94000000
15,92500000,94500000
15,93000000,95000000
15,93500000,95500000
15,94000000,96000000
15,94500000,96500000
15,95000000,97000000
15,95500000,97500000
15,96000000,98000000
15,96500000,98500000
15,97000000,99000000
15,97500000,99500000
15,98000000,100000000
15,98500000,100500000
15,99000000,101000000
15,99500000,101500000
16,0,2000000
16,500000,2500000
16,1000000,3000000
16,1500000,3500000
16,2000000,4000000
16,2500000,4500000
16,3000000,5000000
16,3500000,5500000
16,4000000,6000000
16,4500000,6500000
16,5000000,7000000
16,5500000,7500000
16,6000000,8000000
16,6500000,8500000
16,7000000,9000000
16,7500000,9500000
16,8000000,10000000
16,8500000,10500000
16,9000000,11000000
16,9500000,11500000
16,10000000,12000000
16,10500000,12500000
16,11000000,13000000
16,11500000,13500000
16,12000000,14000000
16,12500000,14500000
16,13000000,15000000
16,13500000,15500000
16,14000000,16000000
16,14500000,16500000
16,15000000,17000000
16,15500000,17500000
16,16000000,18000000
16,16500000,18500000
16,17000000,19000000
16,17500000,19500000
16,18000000,20000000
16,18500000,20500000
16,19000000,21000000
16,19500000,21500000
16,20000000,22000000
16,20500000,22500000
16,21000000,23000000
16,21500000,23500000
16,22000000,24000000
16,22500000,24500000
16,23000000,25000000
16,23500000,25500000
16,24000000,26000000
16,24500000,26500000
16,25000000,27000000
16,25500000,27500000
16,26000000,28000000
16,26500000,28500000
16,27000000,29000000
16,27500000,29500000
16,28000000,30000000
16,28500000,30500000
16,29000000,31000000
16,29500000,31500000
16,30000000,32000000
16,30500000,32500000
16,31000000,33000000
16,31500000,33500000
16,32000000,34000000
16,32500000,34500000
16,33000000,35000000
16,33500000,35500000
16,34000000,36000000
16,34500000,36500000
16,35000000,37000000
16,35500000,37500000
16,36000000,38000000
16,44500000,46500000
16,45000000,47000000
16,45500000,47500000
16,46000000,48000000
16,46500000,48500000
16,47000000,49000000
16,47500000,49500000
16,48000000,50000000
16,48500000,50500000
16,49000000,51000000
16,49500000,51500000
16,50000000,52000000
16,50500000,52500000
16,51000000,53000000
16,51500000,53500000
16,52000000,54000000
16,52500000,54500000
16,53000000,55000000
16,53500000,55500000
16,54000000,56000000
16,54500000,56500000
16,55000000,57000000
16,55500000,57500000
16,56000000,58000000
16,56500000,58500000
16,57000000,59000000
16,57500000,59500000
16,58000000,60000000
16,58500000,60500000
16,59000000,61000000
16,59500000,61500000
16,60000000,62000000
16,60500000,62500000
16,61000000,63000000
16,61500000,63500000
16,62000000,64000000
16,62500000,64500000
16,63000000,65000000
16,63500000,65500000
16,64000000,66000000
16,64500000,66500000
16,65000000,67000000
16,65500000,67500000
16,66000000,68000000
16,66500000,68500000
16,67000000,69000000
16,67500000,69500000
16,68000000,70000000
16,68500000,70500000
16,69000000,71000000
16,69500000,71500000
16,70000000,72000000
16,70500000,72500000
16,71000000,73000000
16,71500000,73500000
16,72000000,74000000
16,72500000,74500000
16,73000000,75000000
16,73500000,75500000
16,74000000,76000000
16,74500000,76500000
16,75000000,77000000
16,75500000,77500000
16,76000000,78000000
16,76500000,78500000
16,77000000,79000000
16,77500000,79500000
16,78000000,80000000
16,78500000,80500000
16,79000000,81000000
16,79500000,81500000
16,80000000,82000000
16,80500000,82500000
16,81000000,83000000
16,81500000,83500000
16,82000000,84000000
16,82500000,84500000
16,83000000,85000000
16,83500000,85500000
16,84000000,86000000
16,84500000,86500000
16,85000000,87000000
16,85500000,87500000
16,86000000,88000000
16,86500000,88500000
16,87000000,89000000
16,87500000,89500000
16,88000000,90000000
17,0,2000000
17,500000,2500000
17,1000000,3000000
17,1500000,3500000
17,2000000,4000000
17,2500000,4500000
17,3000000,5000000
17,3500000,5500000
17,4000000,6000000
17,4500000,6500000
17,5000000,7000000
17,5500000,7500000
17,6000000,8000000
17,6500000,8500000
17,7000000,9000000
17,7500000,9500000
17,8000000,10000000
17,8500000,10500000
17,9000000,11000000
17,9500000,11500000
17,10000000,12000000
17,10500000,12500000
17,11000000,13000000
17,11500000,13500000
17,12000000,14000000
17,12500000,14500000
17,13000000,15000000
17,13500000,15500000
17,14000000,16000000
17,14500000,16500000
17,15000000,17000000
17,15500000,17500000
17,16000000,18000000
17,16500000,18500000
17,17000000,19000000
17,17500000,19500000
17,18000000,20000000
17,18500000,20500000
17,19000000,21000000
17,19500000,21500000
17,20000000,22000000
17,20500000,22500000
17,21000000,23000000
17,21500000,23500000
17,22000000,24000000
17,22500000,24500000
17,27000000,29000000
17,27500000,29500000
17,28000000,30000000
17,28500000,30500000
17,29000000,31000000
17,29500000,31500000
17,30000000,32000000
17,30500000,32500000
17,31000000,33000000
17,31500000,33500000
17,32000000,34000000
17,32500000,34500000
17,33000000,35000000
17,33500000,35500000
17,34000000,36000000
17,34500000,36500000
17,35000000,37000000
17,35500000,37500000
17,36000000,38000000
17,36500000,38500000
17,37000000,39000000
17,37500000,39500000
17,38000000,40000000
17,38500000,40500000
17,39000000,41000000
17,39500000,41500000
17,40000000,42000000
17,40500000,42500000
17,41000000,43000000
17,41500000,43500000
17,42000000,44000000
17,42500000,44500000
17,43000000,45000000
17,43500000,45500000
17,44000000,46000000
17,44500000,46500000
17,45000000,47000000
17,45500000,47500000
17,46000000,48000000
17,46500000,48500000
17,47000000,49000000
17,47500000,49500000
17,48000000,50000000
17,48500000,50500000
17,49000000,51000000
17,49500000,51500000
17,50000000,52000000
17,50500000,52500000
17,51000000,53000000
17,51500000,53500000
17,52000000,54000000
17,52500000,54500000
17,53000000,55000000
17,53500000,55500000
17,54000000,56000000
17,54500000,56500000
17,55000000,57000000
17,55500000,57500000
17,56000000,58000000
17,56500000,58500000
17,57000000,59000000
17,57500000,59500000
17,58000000,60000000
17,58500000,60500000
17,59000000,61000000
17,59500000,61500000
17,60000000,62000000
17,60500000,62500000
17,61000000,63000000
17,61500000,63500000
17,62000000,64000000
17,62500000,64500000
17,63000000,65000000
17,63500000,65500000
17,64000000,66000000
17,64500000,66500000
17,65000000,67000000
17,65500000,67500000
17,66000000,68000000
17,66500000,68500000
17,67000000,69000000
17,67500000,69500000
17,68000000,70000000
17,68500000,70500000
17,69000000,71000000
17,69500000,71500000
17,70000000,72000000
17,70500000,72500000
17,71000000,73000000
17,71500000,73500000
17,72000000,74000000
17,72500000,74500000
17,73000000,75000000
17,73500000,75500000
17,74000000,76000000
17,74500000,76500000
17,75000000,77000000
17,75500000,77500000
17,76000000,78000000
17,76500000,78500000
17,77000000,79000000
17,77500000,79500000
17,78000000,80000000
17,78500000,80500000
17,79000000,81000000
17,79500000,81500000
17,80000000,82000000
17,80500000,82500000
17,81000000,83000000
18,0,2000000
18,500000,2500000
18,1000000,3000000
18,1500000,3500000
18,2000000,4000000
18,2500000,4500000
18,3000000,5000000
18,3500000,5500000
18,4000000,6000000
18,4500000,6500000
18,5000000,7000000
18,5500000,7500000
18,6000000,8000000
18,6500000,8500000
18,7000000,9000000
18,7500000,9500000
18,8000000,10000000
18,8500000,10500000
18,9000000,11000000
18,9500000,11500000
18,10000000,12000000
18,10500000,12500000
18,11000000,13000000
18,11500000,13500000
18,12000000,14000000
18,12500000,14500000
18,13000000,15000000
18,13500000,15500000
18,14000000,16000000
18,14500000,16500000
18,15000000,17000000
18,21000000,23000000
18,21500000,23500000
18,22000000,24000000
18,22500000,24500000
18,23000000,25000000
18,23500000,25500000
18,24000000,26000000
18,24500000,26500000
18,25000000,27000000
18,25500000,27500000
18,26000000,28000000
18,26500000,28500000
18,27000000,29000000
18,27500000,29500000
18,28000000,30000000
18,28500000,30500000
18,29000000,31000000
18,29500000,31500000
18,30000000,32000000
18,30500000,32500000
18,31000000,33000000
18,31500000,33500000
18,32000000,34000000
18,32500000,34500000
18,33000000,35000000
18,33500000,35500000
18,34000000,36000000
18,34500000,36500000
18,35000000,37000000
18,35500000,37500000
18,36000000,38000000
18,36500000,38500000
18,37000000,39000000
18,37500000,39500000
18,38000000,40000000
18,38500000,40500000
18,39000000,41000000
18,39500000,41500000
18,40000000,42000000
18,40500000,42500000
18,41000000,43000000
18,41500000,43500000
18,42000000,44000000
18,42500000,44500000
18,43000000,45000000
18,43500000,45500000
18,44000000,46000000
18,44500000,46500000
18,45000000,47000000
18,45500000,47500000
18,46000000,48000000
18,46500000,48500000
18,47000000,49000000
18,47500000,49500000
18,48000000,50000000
18,48500000,50500000
18,49000000,51000000
18,49500000,51500000
18,50000000,52000000
18,50500000,52500000
18,51000000,53000000
18,51500000,53500000
18,52000000,54000000
18,52500000,54500000
18,53000000,55000000
18,53500000,55500000
18,54000000,56000000
18,54500000,56500000
18,55000000,57000000
18,55500000,57500000
18,56000000,58000000
18,56500000,58500000
18,57000000,59000000
18,57500000,59500000
18,58000000,60000000
18,58500000,60500000
18,59000000,61000000
18,59500000,61500000
18,60000000,62000000
18,60500000,62500000
18,61000000,63000000
18,61500000,63500000
18,62000000,64000000
18,62500000,64500000
18,63000000,65000000
18,63500000,65500000
18,64000000,66000000
18,64500000,66500000
18,65000000,67000000
18,65500000,67500000
18,66000000,68000000
18,66500000,68500000
18,67000000,69000000
18,67500000,69500000
18,68000000,70000000
18,68500000,70500000
18,69000000,71000000
18,69500000,71500000
18,70000000,72000000
18,70500000,72500000
18,71000000,73000000
18,71500000,73500000
18,72000000,74000000
18,72500000,74500000
18,73000000,75000000
18,73500000,75500000
18,74000000,76000000
18,74500000,76500000
18,75000000,77000000
18,75500000,77500000
18,76000000,78000000
18,76500000,78500000
18,77000000,79000000
18,77500000,79500000
18,78000000,80000000
